Country Name,Country Code,Series Name,Series Code,2013 [YR2013],2014 [YR2014],2015 [YR2015],2016 [YR2016],2017 [YR2017],2018 [YR2018],2019 [YR2019],2020 [YR2020]
Angola,AGO,"Population ages 00-04, female",SP.POP.0004.FE,2458200,2517349,2576574,2634324,2691453,2749392,2809147,2871490
Angola,AGO,"Population ages 00-04, male",SP.POP.0004.MA,2478135,2548127,2615784,2684354,2745665,2803154,2861324,2923514
Angola,AGO,Population ages 0-14 (% of total population),SP.POP.0014.TO.ZS,47.2054250456675,47.1771593108235,47.108971147683,47.0533524343201,46.9530162996215,46.8089247095412,46.6220250275763,46.3953623946154
Angola,AGO,"Population ages 0-14, female",SP.POP.0014.FE.IN,6151428,6359972,6566961,6776879,6984656,7189750,7391526,7590076
Angola,AGO,"Population ages 0-14, male",SP.POP.0014.MA.IN,6129427,6350390,6569082,6794455,7015196,7231974,7446078,7658353
Angola,AGO,"Population ages 0-14, total",SP.POP.0014.TO,12280862,12710363,13136045,13571355,13999872,14421730,14837599,15248424
Angola,AGO,"Population ages 05-09, female",SP.POP.0509.FE,2038401,2120299,2197120,2274939,2347520,2414156,2476123,2535920
Angola,AGO,"Population ages 05-09, male",SP.POP.0509.MA,2020158,2104073,2184296,2267355,2348367,2425921,2499254,2568244
Angola,AGO,"Population ages 10-14, female",SP.POP.1014.FE,1654827,1722324,1793267,1867616,1945683,2026202,2106256,2182666
Angola,AGO,"Population ages 10-14, male",SP.POP.1014.MA,1631134,1698190,1769002,1842746,1921164,2002899,2085500,2166595
Angola,AGO,"Population, total",SP.POP.TOTL,26015786,26941773,27884380,28842482,29816769,30809787,31825299,32866268
Angola,AGO,"Population, male",SP.POP.TOTL.MA.IN,12863801,13323488,13791244,14266355,14749319,15241459,15744779,16260870
Angola,AGO,"Population, female",SP.POP.TOTL.FE.IN,13151985,13618285,14093136,14576127,15067450,15568328,16080520,16605398
Bangladesh,BGD,"Population ages 00-04, female",SP.POP.0004.FE,7266187,7228194,7188770,7175348,7144224,7100046,7052342,7007986
Bangladesh,BGD,"Population ages 00-04, male",SP.POP.0004.MA,7578281,7542686,7504370,7493733,7462638,7416567,7366404,7320193
Bangladesh,BGD,Population ages 0-14 (% of total population),SP.POP.0014.TO.ZS,30.3437442561577,29.8125546807414,29.2780668854543,28.7530634255702,28.2245879874421,27.706022482501,27.2143653845367,26.7545413051915
Bangladesh,BGD,"Population ages 0-14, female",SP.POP.0014.FE.IN,22695206,22549510,22393138,22227798,22050648,21872927,21707562,21557302
Bangladesh,BGD,"Population ages 0-14, male",SP.POP.0014.MA.IN,23658247,23516040,23355679,23195495,23019934,22838157,22664419,22504586
Bangladesh,BGD,"Population ages 0-14, total",SP.POP.0014.TO,46353532,46065580,45748820,45423270,45070552,44711068,44371981,44061889
Bangladesh,BGD,"Population ages 05-09, female",SP.POP.0509.FE,7621998,7523782,7430525,7348266,7285856,7240939,7205409,7167474
Bangladesh,BGD,"Population ages 05-09, male",SP.POP.0509.MA,7937742,7839366,7744060,7662021,7598682,7552882,7516539,7476957
Bangladesh,BGD,"Population ages 10-14, female",SP.POP.1014.FE,7807021,7797534,7773843,7704184,7620568,7531942,7449811,7381842
Bangladesh,BGD,"Population ages 10-14, male",SP.POP.1014.MA,8142224,8133988,8107249,8039741,7958614,7868708,7781476,7707436
Bangladesh,BGD,"Population, total",SP.POP.TOTL,152761413,154517385,156256287,157977151,159685421,161376713,163046173,164689383
Bangladesh,BGD,"Population, male",SP.POP.TOTL.MA.IN,77504601,78368220,79217157,80048910,80869068,81677117,82473791,83259108
Bangladesh,BGD,"Population, female",SP.POP.TOTL.FE.IN,75256812,76149165,77039130,77928241,78816353,79699596,80572382,81430275
Brazil,BRA,"Population ages 00-04, female",SP.POP.0004.FE,7175157,7160552,7147350,7180528,7181616,7157427,7117753,7070447
Brazil,BRA,"Population ages 00-04, male",SP.POP.0004.MA,7500324,7489945,7480101,7519969,7522782,7496824,7454197,7404646
Brazil,BRA,Population ages 0-14 (% of total population),SP.POP.0014.TO.ZS,23.3356033423521,22.8674911148684,22.4208223092157,22.0495231024737,21.6838368026363,21.3340719108545,21.0091937329952,20.7091991600636
Brazil,BRA,"Population ages 0-14, female",SP.POP.0014.FE.IN,22980870,22707448,22445657,22251153,22054151,21864173,21688644,21526480
Brazil,BRA,"Population ages 0-14, male",SP.POP.0014.MA.IN,23932067,23659523,23398593,23206777,23012141,22824115,22651125,22492872
Brazil,BRA,"Population ages 0-14, total",SP.POP.0014.TO,46912941,46366981,45844250,45457971,45066347,44688335,44339802,44019351
Brazil,BRA,"Population ages 05-09, female",SP.POP.0509.FE,7574160,7442460,7325957,7235264,7177952,7152820,7146432,7136977
Brazil,BRA,"Population ages 05-09, male",SP.POP.0509.MA,7884126,7751412,7634283,7544149,7490039,7470234,7469798,7464840
Brazil,BRA,"Population ages 10-14, female",SP.POP.1014.FE,8231553,8104436,7972350,7835361,7694583,7553926,7424459,7319056
Brazil,BRA,"Population ages 10-14, male",SP.POP.1014.MA,8547617,8418166,8284209,8142659,7999320,7857057,7727130,7623386
Brazil,BRA,"Population, total",SP.POP.TOTL,201035904,202763744,204471759,206163056,207833825,209469320,211049519,212559409
Brazil,BRA,"Population, male",SP.POP.TOTL.MA.IN,99043431,99855752,100657516,101450192,102232088,102996239,103733160,104435783
Brazil,BRA,"Population, female",SP.POP.TOTL.FE.IN,101992473,102907992,103814243,104712864,105601737,106473081,107316359,108123626
Cambodia,KHM,"Population ages 00-04, female",SP.POP.0004.FE,855210,859613,864718,866694,869363,872252,873484,871690
Cambodia,KHM,"Population ages 00-04, male",SP.POP.0004.MA,902183,899384,900322,894830,896024,901884,906962,907287
Cambodia,KHM,Population ages 0-14 (% of total population),SP.POP.0014.TO.ZS,32.1107839225168,31.8116602550014,31.6021790767298,31.3893146213453,31.272428607452,31.2014147627244,31.0991959381173,30.9249525912639
Cambodia,KHM,"Population ages 0-14, female",SP.POP.0014.FE.IN,2367777,2385831,2408061,2430555,2457258,2485510,2510961,2530943
Cambodia,KHM,"Population ages 0-14, male",SP.POP.0014.MA.IN,2457292,2473262,2497053,2518444,2549344,2584686,2616224,2639388
Cambodia,KHM,"Population ages 0-14, total",SP.POP.0014.TO,4825072,4859074,4905112,4948930,5006532,5070166,5127182,5170334
Cambodia,KHM,"Population ages 05-09, female",SP.POP.0509.FE,768887,788668,806471,821662,834476,844341,851915,858560
Cambodia,KHM,"Population ages 05-09, male",SP.POP.0509.MA,794714,823577,848088,867195,880296,886964,889799,893050
Cambodia,KHM,"Population ages 10-14, female",SP.POP.1014.FE,743680,737550,736872,742199,753419,768917,785562,800693
Cambodia,KHM,"Population ages 10-14, male",SP.POP.1014.MA,760395,750301,748643,756419,773024,795838,819463,839051
Cambodia,KHM,"Population, total",SP.POP.TOTL,15026330,15274506,15521435,15766290,16009413,16249795,16486542,16718971
Cambodia,KHM,"Population, male",SP.POP.TOTL.MA.IN,7326766,7448809,7570441,7691291,7811386,7930228,8047364,8162424
Cambodia,KHM,"Population, female",SP.POP.TOTL.FE.IN,7699564,7825697,7950994,8074999,8198027,8319567,8439178,8556547
Central African Republic,CAF,"Population ages 00-04, female",SP.POP.0004.FE,364677,362728,362555,361424,360669,360868,362546,366177
Central African Republic,CAF,"Population ages 00-04, male",SP.POP.0004.MA,370839,368711,368440,367182,366356,366564,368311,372065
Central African Republic,CAF,Population ages 0-14 (% of total population),SP.POP.0014.TO.ZS,44.9442708811082,45.1005840944855,45.204810857368,44.954542910197,44.6462300123389,44.294320550801,43.9200157633475,43.541727789353
Central African Republic,CAF,"Population ages 0-14, female",SP.POP.0014.FE.IN,994150,1001269,1010146,1014384,1020263,1027612,1036055,1045376
Central African Republic,CAF,"Population ages 0-14, male",SP.POP.0014.MA.IN,1004942,1012097,1020983,1025514,1031687,1039326,1048030,1057587
Central African Republic,CAF,"Population ages 0-14, total",SP.POP.0014.TO,1999096,2013367,2031129,2039895,2051951,2066939,2084083,2102963
Central African Republic,CAF,"Population ages 05-09, female",SP.POP.0509.FE,333931,336725,338910,340475,342434,344337,345812,346748
Central African Republic,CAF,"Population ages 05-09, male",SP.POP.0509.MA,337222,340245,342559,344352,346423,348328,349744,350619
Central African Republic,CAF,"Population ages 10-14, female",SP.POP.1014.FE,295542,301816,308681,312485,317160,322407,327697,332451
Central African Republic,CAF,"Population ages 10-14, male",SP.POP.1014.MA,296881,303141,309984,313980,318908,324434,329975,334903
Central African Republic,CAF,"Population, total",SP.POP.TOTL,4447945,4464171,4493171,4537683,4596023,4666375,4745179,4829764
Central African Republic,CAF,"Population, male",SP.POP.TOTL.MA.IN,2203461,2211896,2226565,2248836,2277876,2312820,2351973,2394042
Central African Republic,CAF,"Population, female",SP.POP.TOTL.FE.IN,2244484,2252275,2266606,2288847,2318147,2353555,2393206,2435722
China,CHN,"Population ages 00-04, female",SP.POP.0004.FE,39207310,39366438,39474973,39596016,39542519,39307468,38930156,38455504
China,CHN,"Population ages 00-04, male",SP.POP.0004.MA,45360407,45331668,45261623,45125907,44885574,44502954,43971560,43306974
China,CHN,Population ages 0-14 (% of total population),SP.POP.0014.TO.ZS,18.2400894189889,18.1343618544823,18.0538360554933,17.9946160874834,17.9373611027194,17.8770027525543,17.8045083433876,17.7118153851715
China,CHN,"Population ages 0-14, female",SP.POP.0014.FE.IN,114884313,114784041,114866193,115187439,115538030,115760315,115819807,115732456
China,CHN,"Population ages 0-14, male",SP.POP.0014.MA.IN,132703414,132617936,132691619,132898415,133144918,133218041,133036321,132607035
China,CHN,"Population ages 0-14, total",SP.POP.0014.TO,247587326,247401658,247557811,248085474,248682677,248978380,248856284,248339489
China,CHN,"Population ages 05-09, female",SP.POP.0509.FE,37475737,37718291,37989368,38299548,38650007,38966616,39213782,39370163
China,CHN,"Population ages 05-09, male",SP.POP.0509.MA,43595951,43949461,44286313,44611644,44906347,45090038,45153870,45122599
China,CHN,"Population ages 10-14, female",SP.POP.1014.FE,38201266,37699313,37401851,37291875,37345505,37486231,37675869,37906789
China,CHN,"Population ages 10-14, male",SP.POP.1014.MA,43747057,43336806,43143683,43160864,43352998,43625048,43910891,44177462
China,CHN,"Population, total",SP.POP.TOTL,1357380000,1364270000,1371220000,1378665000,1386395000,1392730000,1397715000,1402112000
China,CHN,"Population, male",SP.POP.TOTL.MA.IN,697356463,700776622,704210775,707884097,711687182,714757755,717118675,719160951
China,CHN,"Population, female",SP.POP.TOTL.FE.IN,660023537,663493378,667009225,670780903,674707818,677972245,680596325,682951049
"Congo, Rep.",COG,"Population ages 00-04, female",SP.POP.0004.FE,374836,380537,386043,390549,394475,398206,402153,406577
"Congo, Rep.",COG,"Population ages 00-04, male",SP.POP.0004.MA,382071,387956,393651,398491,402690,406656,410798,415382
"Congo, Rep.",COG,Population ages 0-14 (% of total population),SP.POP.0014.TO.ZS,42.0959158182922,42.1466142112605,42.1547972187529,42.0756410966803,41.9441974134633,41.7635024604532,41.5372488991746,41.2702626834263
"Congo, Rep.",COG,"Population ages 0-14, female",SP.POP.0014.FE.IN,965591,990464,1015435,1039253,1062689,1085531,1107468,1128317
"Congo, Rep.",COG,"Population ages 0-14, male",SP.POP.0014.MA.IN,980404,1006012,1031642,1056533,1080955,1104698,1127445,1149015
"Congo, Rep.",COG,"Population ages 0-14, total",SP.POP.0014.TO,1945992,1996470,2047076,2095786,2143643,2190230,2234913,2277331
"Congo, Rep.",COG,"Population ages 05-09, female",SP.POP.0509.FE,321685,332163,342100,351496,360327,368346,375446,381733
"Congo, Rep.",COG,"Population ages 05-09, male",SP.POP.0509.MA,326438,337230,347411,357219,366419,374753,382123,388643
"Congo, Rep.",COG,"Population ages 10-14, female",SP.POP.1014.FE,269070,277764,287292,297208,307887,318979,329869,340007
"Congo, Rep.",COG,"Population ages 10-14, male",SP.POP.1014.MA,271895,280826,290580,300823,311846,323289,334524,344990
"Congo, Rep.",COG,"Population, total",SP.POP.TOTL,4622757,4736965,4856093,4980996,5110701,5244363,5380504,5518092
"Congo, Rep.",COG,"Population, male",SP.POP.TOTL.MA.IN,2304083,2362141,2422571,2485795,2551316,2618741,2687358,2756678
"Congo, Rep.",COG,"Population, female",SP.POP.TOTL.FE.IN,2318674,2374824,2433522,2495201,2559385,2625622,2693146,2761414
"Congo, Dem. Rep.",COD,"Population ages 00-04, female",SP.POP.0004.FE,6614796,6799475,6985259,7180543,7355382,7517174,7674675,7835544
"Congo, Dem. Rep.",COD,"Population ages 00-04, male",SP.POP.0004.MA,6740541,6931221,7122414,7323613,7502811,7667821,7828087,7991895
"Congo, Dem. Rep.",COD,Population ages 0-14 (% of total population),SP.POP.0014.TO.ZS,46.3881185681818,46.3886828020495,46.3440610255338,46.3460484845834,46.2834669086621,46.1656420864844,46.0013989769188,45.7951892513341
"Congo, Dem. Rep.",COD,"Population ages 0-14, female",SP.POP.0014.FE.IN,16425565,16975730,17525198,18106946,18678175,19239104,19789679,20328697
"Congo, Dem. Rep.",COD,"Population ages 0-14, male",SP.POP.0014.MA.IN,16676444,17244019,17809621,18408702,18995994,19571472,20135199,20686119
"Congo, Dem. Rep.",COD,"Population ages 0-14, total",SP.POP.0014.TO,33102007,34219746,35334812,36515648,37674170,38810574,39924875,41014814
"Congo, Dem. Rep.",COD,"Population ages 05-09, female",SP.POP.0509.FE,5402879,5597002,5784065,5990706,6197646,6399820,6592449,6771480
"Congo, Dem. Rep.",COD,"Population ages 05-09, male",SP.POP.0509.MA,5482956,5682668,5874798,6087794,6300871,6508606,6705882,6888387
"Congo, Dem. Rep.",COD,"Population ages 10-14, female",SP.POP.1014.FE,4407890,4579253,4755874,4935697,5125147,5322110,5522555,5721673
"Congo, Dem. Rep.",COD,"Population ages 10-14, male",SP.POP.1014.MA,4452947,4630130,4812409,4997295,5192312,5395045,5601230,5805837
"Congo, Dem. Rep.",COD,"Population, total",SP.POP.TOTL,71358804,73767445,76244532,78789130,81398765,84068092,86790568,89561404
"Congo, Dem. Rep.",COD,"Population, male",SP.POP.TOTL.MA.IN,35561914,36773965,38019960,39299343,40610874,41951875,43319103,44710172
"Congo, Dem. Rep.",COD,"Population, female",SP.POP.TOTL.FE.IN,35796890,36993480,38224572,39489787,40787891,42116217,43471465,44851232
"Korea, Dem. People's Rep.",PRK,"Population ages 00-04, female",SP.POP.0004.FE,810242,819715,826389,842305,849974,851355,851012,852194
"Korea, Dem. People's Rep.",PRK,"Population ages 00-04, male",SP.POP.0004.MA,849405,858794,865709,882357,890576,892424,892443,893899
"Korea, Dem. People's Rep.",PRK,Population ages 0-14 (% of total population),SP.POP.0014.TO.ZS,21.5283846280573,21.233065645454,20.9187179727566,20.701471273624,20.4528226206826,20.2021135043815,19.9932822053131,19.843293035646
"Korea, Dem. People's Rep.",PRK,"Population ages 0-14, female",SP.POP.0014.FE.IN,2624103,2602052,2576639,2562250,2543192,2523110,2507697,2499215
"Korea, Dem. People's Rep.",PRK,"Population ages 0-14, male",SP.POP.0014.MA.IN,2742823,2718493,2691499,2676814,2657928,2638450,2623815,2616146
"Korea, Dem. People's Rep.",PRK,"Population ages 0-14, total",SP.POP.0014.TO,5366919,5320538,5268135,5239059,5201115,5161560,5131507,5115366
"Korea, Dem. People's Rep.",PRK,"Population ages 05-09, female",SP.POP.0509.FE,871743,847115,827092,814193,808747,810680,816990,822736
"Korea, Dem. People's Rep.",PRK,"Population ages 05-09, male",SP.POP.0509.MA,908366,883762,863709,850949,845841,848285,855199,861542
"Korea, Dem. People's Rep.",PRK,"Population ages 10-14, female",SP.POP.1014.FE,942118,935222,923158,905752,884471,861075,839695,824285
"Korea, Dem. People's Rep.",PRK,"Population ages 10-14, male",SP.POP.1014.MA,985052,975937,962081,943508,921511,897741,876173,860705
"Korea, Dem. People's Rep.",PRK,"Population, total",SP.POP.TOTL,24929500,25057793,25183832,25307665,25429816,25549606,25666158,25778815
"Korea, Dem. People's Rep.",PRK,"Population, male",SP.POP.TOTL.MA.IN,12186651,12251177,12314250,12375845,12436268,12495328,12552762,12608379
"Korea, Dem. People's Rep.",PRK,"Population, female",SP.POP.TOTL.FE.IN,12742849,12806616,12869582,12931820,12993548,13054278,13113396,13170436
Ethiopia,ETH,"Population ages 00-04, female",SP.POP.0004.FE,7355628,7492762,7628451,7794671,7931715,8047863,8157181,8271178
Ethiopia,ETH,"Population ages 00-04, male",SP.POP.0004.MA,7571966,7713949,7854927,8028663,8171101,8291267,8403653,8520306
Ethiopia,ETH,Population ages 0-14 (% of total population),SP.POP.0014.TO.ZS,43.3006976573179,42.7359377227609,42.1750432273536,41.7207824580225,41.2507982618484,40.7829819073234,40.3364411784466,39.9176363563044
Ethiopia,ETH,"Population ages 0-14, female",SP.POP.0014.FE.IN,20405304,20709988,21008252,21347860,21672523,21991395,22315932,22650860
Ethiopia,ETH,"Population ages 0-14, male",SP.POP.0014.MA.IN,20897376,21211519,21519145,21876352,22218347,22553620,22892665,23239887
Ethiopia,ETH,"Population ages 0-14, total",SP.POP.0014.TO,41302714,41921504,42527396,43224175,43890819,44544971,45208570,45890745
Ethiopia,ETH,"Population ages 05-09, female",SP.POP.0509.FE,6766583,6833691,6906519,7000868,7115726,7249130,7390840,7525556
Ethiopia,ETH,"Population ages 05-09, male",SP.POP.0509.MA,6912423,6988131,7067725,7170948,7293882,7434163,7581468,7720508
Ethiopia,ETH,"Population ages 10-14, female",SP.POP.1014.FE,6283093,6383535,6473282,6552321,6625082,6694402,6767911,6854126
Ethiopia,ETH,"Population ages 10-14, male",SP.POP.1014.MA,6412987,6509439,6596493,6676741,6753364,6828190,6907544,6999073
Ethiopia,ETH,"Population, total",SP.POP.TOTL,95385793,98094264,100835453,103603461,106399926,109224410,112078727,114963583
Ethiopia,ETH,"Population, male",SP.POP.TOTL.MA.IN,47648725,49021687,50408589,51805857,53214725,54635264,56069008,57516835
Ethiopia,ETH,"Population, female",SP.POP.TOTL.FE.IN,47737068,49072577,50426864,51797604,53185201,54589146,56009719,57446748
India,IND,"Population ages 00-04, female",SP.POP.0004.FE,58512576,57423770,56617737,55601232,55259151,55382130,55596970,55651093
India,IND,"Population ages 00-04, male",SP.POP.0004.MA,64420191,63252954,62365571,61298734,60913347,60997218,61184852,61228414
India,IND,Population ages 0-14 (% of total population),SP.POP.0014.TO.ZS,29.4275280023289,28.9254244902534,28.4412002868341,27.9324323846537,27.4786995727277,27.0533018530221,26.6182646511486,26.1606114389267
India,IND,"Population ages 0-14, female",SP.POP.0014.FE.IN,178363928,177444884,176557368,175400617,174522125,173747153,172809125,171609375
India,IND,"Population ages 0-14, male",SP.POP.0014.MA.IN,198556502,197313176,196065699,194569103,193328710,192187234,190907615,189408211
India,IND,"Population ages 0-14, total",SP.POP.0014.TO,376920173,374758022,372623066,369969885,367850970,365934400,363716695,361017585
India,IND,"Population ages 05-09, female",SP.POP.0509.FE,60470810,60431637,60178746,59819851,59122891,58133705,57039427,56104958
India,IND,"Population ages 05-09, male",SP.POP.0509.MA,67377416,67108452,66646489,66103641,65243099,64117537,62910580,61877169
India,IND,"Population ages 10-14, female",SP.POP.1014.FE,59380542,59589477,59760885,59979534,60140083,60231318,60172728,59853324
India,IND,"Population ages 10-14, male",SP.POP.1014.MA,66758895,66951770,67053639,67166728,67172264,67072479,66812183,66302628
India,IND,"Population, total",SP.POP.TOTL,1280842119,1295600768,1310152392,1324517250,1338676779,1352642283,1366417756,1380004385
India,IND,"Population, male",SP.POP.TOTL.MA.IN,666165661,673747770,681223332,688604687,695880522,703055580,710129572,717100970
India,IND,"Population, female",SP.POP.TOTL.FE.IN,614676458,621852998,628929060,635912563,642796257,649586703,656288184,662903415
Indonesia,IDN,"Population ages 00-04, female",SP.POP.0004.FE,11668797,11856193,11948475,12139100,12102836,11916153,11707538,11565560
Indonesia,IDN,"Population ages 00-04, male",SP.POP.0004.MA,12244604,12407356,12479287,12654438,12615289,12434149,12232223,12092736
Indonesia,IDN,Population ages 0-14 (% of total population),SP.POP.0014.TO.ZS,28.037864984315,27.7678502149642,27.4509726744832,27.2326833425639,26.9149014961264,26.5511973052634,26.2151194819848,25.9360062932775
Indonesia,IDN,"Population ages 0-14, female",SP.POP.0014.FE.IN,34340675,34477576,34537962,34705072,34721148,34655461,34609603,34627215
Indonesia,IDN,"Population ages 0-14, male",SP.POP.0014.MA.IN,36260390,36366096,36390754,36523768,36509418,36414294,36335225,36313890
Indonesia,IDN,"Population ages 0-14, total",SP.POP.0014.TO,70600834,70843582,70928717,71228822,71230548,71069736,70944816,70941104
Indonesia,IDN,"Population ages 05-09, female",SP.POP.0509.FE,11292707,11230784,11207107,11235692,11351428,11540625,11746372,11886870
Indonesia,IDN,"Population ages 05-09, male",SP.POP.0509.MA,11970406,11888329,11843178,11851093,11943969,12109137,12291353,12411280
Indonesia,IDN,"Population ages 10-14, female",SP.POP.1014.FE,11379171,11390599,11382380,11330280,11266884,11198683,11155693,11174785
Indonesia,IDN,"Population ages 10-14, male",SP.POP.1014.MA,12045380,12070411,12068289,12018237,11950160,11871008,11811649,11809874
Indonesia,IDN,"Population, total",SP.POP.TOTL,251805314,255128076,258383257,261556386,264650969,267670549,270625567,273523621
Indonesia,IDN,"Population, male",SP.POP.TOTL.MA.IN,126855422,128509365,130132842,131720864,133272786,134788497,136269761,137717861
Indonesia,IDN,"Population, female",SP.POP.TOTL.FE.IN,124949892,126618711,128250415,129835522,131378183,132882052,134355806,135805760
Kenya,KEN,"Population ages 00-04, female",SP.POP.0004.FE,3486690,3489501,3491221,3479050,3469784,3466113,3470885,3486021
Kenya,KEN,"Population ages 00-04, male",SP.POP.0004.MA,3547738,3545158,3544505,3530025,3523818,3526868,3538565,3558343
Kenya,KEN,Population ages 0-14 (% of total population),SP.POP.0014.TO.ZS,42.405707506776,41.932273955566,41.4432448111814,40.9019501816192,40.3500123513719,39.7821669340692,39.1933742576388,38.589603642806
Kenya,KEN,"Population ages 0-14, female",SP.POP.0014.FE.IN,9578684,9717439,9846211,9954772,10052520,10139656,10217272,10288213
Kenya,KEN,"Population ages 0-14, male",SP.POP.0014.MA.IN,9724379,9864958,9996126,10108291,10211750,10305436,10388245,10461920
Kenya,KEN,"Population ages 0-14, total",SP.POP.0014.TO,19303072,19582398,19842337,20063033,20264239,20445078,20605512,20750132
Kenya,KEN,"Population ages 05-09, female",SP.POP.0509.FE,3227249,3296125,3353144,3400924,3433750,3451490,3458314,3461279
Kenya,KEN,"Population ages 05-09, male",SP.POP.0509.MA,3282544,3353858,3411325,3460249,3491584,3505619,3508133,3508267
Kenya,KEN,"Population ages 10-14, female",SP.POP.1014.FE,2864745,2931813,3001846,3074798,3148986,3222053,3288073,3340913
Kenya,KEN,"Population ages 10-14, male",SP.POP.1014.MA,2894097,2965942,3040296,3118017,3196348,3272949,3341547,3395310
Kenya,KEN,"Population, total",SP.POP.TOTL,45519986,46700063,47878339,49051531,50221146,51392570,52573967,53771300
Kenya,KEN,"Population, male",SP.POP.TOTL.MA.IN,22607797,23195580,23782609,24367251,24950142,25533874,26122382,26718527
Kenya,KEN,"Population, female",SP.POP.TOTL.FE.IN,22912189,23504483,24095730,24684280,25271004,25858696,26451585,27052773
Lesotho,LSO,"Population ages 00-04, female",SP.POP.0004.FE,121416,121018,121312,123443,124635,125270,125626,125892
Lesotho,LSO,"Population ages 00-04, male",SP.POP.0004.MA,122933,122358,122507,125109,126432,127022,127323,127621
Lesotho,LSO,Population ages 0-14 (% of total population),SP.POP.0014.TO.ZS,34.139992999857,33.8001267467439,33.4026219256627,33.2251099984097,32.9813906921905,32.7163515354347,32.4669171135123,32.2380358212327
Lesotho,LSO,"Population ages 0-14, female",SP.POP.0014.FE.IN,345688,344962,343907,344490,344601,344583,344711,344969
Lesotho,LSO,"Population ages 0-14, male",SP.POP.0014.MA.IN,346850,345726,343861,344947,345222,345189,345300,345650
Lesotho,LSO,"Population ages 0-14, total",SP.POP.0014.TO,692539,690688,687764,689435,689816,689768,690009,690620
Lesotho,LSO,"Population ages 05-09, female",SP.POP.0509.FE,113765,112293,110354,109842,110055,110854,111875,112600
Lesotho,LSO,"Population ages 05-09, male",SP.POP.0509.MA,113396,111759,109429,109107,109521,110534,111761,112635
Lesotho,LSO,"Population ages 10-14, female",SP.POP.1014.FE,110507,111651,112241,111205,109911,108459,107210,106477
Lesotho,LSO,"Population ages 10-14, male",SP.POP.1014.MA,110521,111609,111925,110731,109269,107633,106216,105394
Lesotho,LSO,"Population, total",SP.POP.TOTL,2028528,2043448,2059011,2075041,2091532,2108327,2125267,2142252
Lesotho,LSO,"Population, male",SP.POP.TOTL.MA.IN,992872,1002448,1011929,1021145,1030162,1039049,1047944,1056950
Lesotho,LSO,"Population, female",SP.POP.TOTL.FE.IN,1035656,1041000,1047082,1053896,1061370,1069278,1077323,1085302
Liberia,LBR,"Population ages 00-04, female",SP.POP.0004.FE,331575,335587,339489,343853,348237,352729,357452,362542
Liberia,LBR,"Population ages 00-04, male",SP.POP.0004.MA,345378,349733,353938,358689,363283,367879,372699,377951
Liberia,LBR,Population ages 0-14 (% of total population),SP.POP.0014.TO.ZS,42.6453522722084,42.3920967192154,42.0914398409742,41.8032055990392,41.4787166758893,41.1249865894663,40.7529184542228,40.372218018495
Liberia,LBR,"Population ages 0-14, female",SP.POP.0014.FE.IN,889531,907052,923628,940439,956349,971519,986194,1000615
Liberia,LBR,"Population ages 0-14, male",SP.POP.0014.MA.IN,922182,941029,958798,976979,994072,1010285,1025929,1041281
Liberia,LBR,"Population ages 0-14, total",SP.POP.0014.TO,1811718,1848087,1882426,1917424,1950422,1981803,2012124,2041896
Liberia,LBR,"Population ages 05-09, female",SP.POP.0509.FE,298491,304178,309390,314864,319829,324296,328388,332295
Liberia,LBR,"Population ages 05-09, male",SP.POP.0509.MA,309635,315589,321057,326959,332380,337308,341809,346028
Liberia,LBR,"Population ages 10-14, female",SP.POP.1014.FE,259465,267287,274749,281722,288283,294494,300354,305778
Liberia,LBR,"Population ages 10-14, male",SP.POP.1014.MA,267169,275707,283803,291331,298409,305098,311421,317302
Liberia,LBR,"Population, total",SP.POP.TOTL,4248337,4359508,4472229,4586788,4702224,4818976,4937374,5057677
Liberia,LBR,"Population, male",SP.POP.TOTL.MA.IN,2129524,2186166,2243640,2302083,2361022,2420654,2481116,2542539
Liberia,LBR,"Population, female",SP.POP.TOTL.FE.IN,2118813,2173342,2228589,2284705,2341202,2398322,2456258,2515138
Mozambique,MOZ,"Population ages 00-04, female",SP.POP.0004.FE,2209536,2257958,2307785,2359082,2409564,2459855,2511474,2565778
Mozambique,MOZ,"Population ages 00-04, male",SP.POP.0004.MA,2226467,2276209,2327694,2380658,2432536,2483988,2536355,2590850
Mozambique,MOZ,Population ages 0-14 (% of total population),SP.POP.0014.TO.ZS,45.6809824279447,45.5785967620794,45.4201541734965,45.2138556686688,44.9594607396316,44.6708001531326,44.3680004858059,44.0627877999458
Mozambique,MOZ,"Population ages 0-14, female",SP.POP.0014.FE.IN,5840632,5990474,6138579,6285471,6430674,6574970,6720073,6866946
Mozambique,MOZ,"Population ages 0-14, male",SP.POP.0014.MA.IN,5835731,5990375,6143942,6297497,6449744,6601113,6752721,6905072
Mozambique,MOZ,"Population ages 0-14, total",SP.POP.0014.TO,11676403,11980877,12282519,12582984,12880439,13176103,13472806,13772016
Mozambique,MOZ,"Population ages 05-09, female",SP.POP.0509.FE,1956178,1997647,2039225,2084487,2131201,2178875,2226551,2273226
Mozambique,MOZ,"Population ages 05-09, male",SP.POP.0509.MA,1953069,1996914,2040784,2088974,2138639,2189089,2239211,2287928
Mozambique,MOZ,"Population ages 10-14, female",SP.POP.1014.FE,1674918,1734869,1791569,1841902,1889909,1936240,1982048,2027942
Mozambique,MOZ,"Population ages 10-14, male",SP.POP.1014.MA,1656195,1717252,1775464,1827865,1878569,1928036,1977155,2026294
Mozambique,MOZ,"Population, total",SP.POP.TOTL,25560752,26286192,27042001,27829930,28649007,29496009,30366043,31255435
Mozambique,MOZ,"Population, male",SP.POP.TOTL.MA.IN,12356719,12716664,13092038,13483761,13891296,14312882,14745851,15188235
Mozambique,MOZ,"Population, female",SP.POP.TOTL.FE.IN,13204033,13569528,13949963,14346169,14757711,15183127,15620192,16067200
Myanmar,MMR,"Population ages 00-04, female",SP.POP.0004.FE,2314039,2290809,2268680,2253828,2244510,2238250,2233945,2231976
Myanmar,MMR,"Population ages 00-04, male",SP.POP.0004.MA,2352128,2327963,2305794,2291786,2283817,2279426,2277048,2276580
Myanmar,MMR,Population ages 0-14 (% of total population),SP.POP.0014.TO.ZS,28.7656529675694,28.3069486433496,27.8173899881334,27.3298314017134,26.8466928773674,26.3710482845116,25.9144012573128,25.4855945068719
Myanmar,MMR,"Population ages 0-14, female",SP.POP.0014.FE.IN,7419459,7359973,7286395,7206012,7121793,7036639,6956513,6885738
Myanmar,MMR,"Population ages 0-14, male",SP.POP.0014.MA.IN,7496110,7439071,7368005,7291152,7209631,7126776,7049000,6980923
Myanmar,MMR,"Population ages 0-14, total",SP.POP.0014.TO,14915700,14799104,14654402,14497163,14331441,14163446,14005548,13866659
Myanmar,MMR,"Population ages 05-09, female",SP.POP.0509.FE,2527730,2478308,2428789,2386349,2345210,2306616,2271744,2241061
Myanmar,MMR,"Population ages 05-09, male",SP.POP.0509.MA,2556399,2507343,2457625,2415088,2373796,2335344,2301130,2271644
Myanmar,MMR,"Population ages 10-14, female",SP.POP.1014.FE,2577690,2590856,2588926,2565835,2532073,2491773,2450824,2412701
Myanmar,MMR,"Population ages 10-14, male",SP.POP.1014.MA,2587583,2603765,2604586,2584278,2552018,2512006,2470822,2432699
Myanmar,MMR,"Population, total",SP.POP.TOTL,51852464,52280816,52680724,53045199,53382521,53708318,54045422,54409794
Myanmar,MMR,"Population, male",SP.POP.TOTL.MA.IN,24992008,25198879,25391577,25566371,25727603,25883168,26044666,26220190
Myanmar,MMR,"Population, female",SP.POP.TOTL.FE.IN,26860456,27081937,27289147,27478828,27654918,27825150,28000756,28189604
Namibia,NAM,"Population ages 00-04, female",SP.POP.0004.FE,156839,158887,161157,163062,164570,165862,166916,167737
Namibia,NAM,"Population ages 00-04, male",SP.POP.0004.MA,157046,159118,161430,163363,164951,166346,167483,168341
Namibia,NAM,Population ages 0-14 (% of total population),SP.POP.0014.TO.ZS,37.0255221830412,36.9252884307056,36.9052021163729,36.8719158760396,36.8825367836037,36.9102491891316,36.9059101313674,36.8412435726641
Namibia,NAM,"Population ages 0-14, female",SP.POP.0014.FE.IN,414043,420169,427483,434982,443252,451948,460375,468084
Namibia,NAM,"Population ages 0-14, male",SP.POP.0014.MA.IN,412924,419300,426837,434474,442895,451724,460250,468020
Namibia,NAM,"Population ages 0-14, total",SP.POP.0014.TO,826967,839469,854319,869456,886148,903674,920627,936105
Namibia,NAM,"Population ages 05-09, female",SP.POP.0509.FE,132688,137459,141924,145895,149742,153286,156466,159301
Namibia,NAM,"Population ages 05-09, male",SP.POP.0509.MA,132524,137322,141802,145776,149615,153144,156312,159147
Namibia,NAM,"Population ages 10-14, female",SP.POP.1014.FE,124516,123823,124402,126025,128940,132800,136993,141046
Namibia,NAM,"Population ages 10-14, male",SP.POP.1014.MA,123354,122860,123605,125335,128329,132234,136455,140532
Namibia,NAM,"Population, total",SP.POP.TOTL,2233506,2273426,2314901,2358044,2402623,2448300,2494524,2540916
Namibia,NAM,"Population, male",SP.POP.TOTL.MA.IN,1080421,1100048,1120450,1141681,1163627,1186111,1208862,1231683
Namibia,NAM,"Population, female",SP.POP.TOTL.FE.IN,1153085,1173378,1194451,1216363,1238996,1262189,1285662,1309233
Nigeria,NGA,"Population ages 00-04, female",SP.POP.0004.FE,14560834,14888440,15205110,15542621,15822942,16066717,16304577,16561329
Nigeria,NGA,"Population ages 00-04, male",SP.POP.0004.MA,15242514,15590201,15927009,16288186,16588820,16850475,17104787,17377466
Nigeria,NGA,Population ages 0-14 (% of total population),SP.POP.0014.TO.ZS,44.2167637127518,44.1991276729255,44.1305041462216,44.1060436139142,44.0131179412448,43.8666399781742,43.687530197944,43.4876107179975
Nigeria,NGA,"Population ages 0-14, female",SP.POP.0014.FE.IN,37179202,38159375,39114160,40123618,41087844,42015631,42923411,43820702
Nigeria,NGA,"Population ages 0-14, male",SP.POP.0014.MA.IN,38770093,39810071,40822713,41896088,42921427,43908014,44872622,45824482
Nigeria,NGA,"Population ages 0-14, total",SP.POP.0014.TO,75949286,77969441,79936872,82019706,84009267,85923643,87796035,89645181
Nigeria,NGA,"Population ages 05-09, female",SP.POP.0509.FE,12302551,12620847,12929047,13276323,13630126,13982214,14319140,14625985
Nigeria,NGA,"Population ages 05-09, male",SP.POP.0509.MA,12825651,13162201,13487302,13856320,14232196,14605781,14962818,15287661
Nigeria,NGA,"Population ages 10-14, female",SP.POP.1014.FE,10315817,10650088,10980003,11304674,11634776,11966700,12299694,12633388
Nigeria,NGA,"Population ages 10-14, male",SP.POP.1014.MA,10701928,11057669,11408402,11751582,12100411,12451758,12805017,13159355
Nigeria,NGA,"Population, total",SP.POP.TOTL,171765819,176404931,181137454,185960244,190873247,195874685,200963603,206139587
Nigeria,NGA,"Population, male",SP.POP.TOTL.MA.IN,86936474,89305034,91720564,94181382,96687405,99237728,101831874,104469637
Nigeria,NGA,"Population, female",SP.POP.TOTL.FE.IN,84829345,87099897,89416890,91778862,94185842,96636957,99131729,101669950
Pakistan,PAK,"Population ages 00-04, female",SP.POP.0004.FE,12110704,12275045,12462875,12682655,12905303,13121779,13308965,13453556
Pakistan,PAK,"Population ages 00-04, male",SP.POP.0004.MA,13010742,13213311,13431093,13697220,13944593,14169139,14359100,14509296
Pakistan,PAK,Population ages 0-14 (% of total population),SP.POP.0014.TO.ZS,36.5881428942635,36.2494074844869,35.9366650138644,35.6982306157932,35.478621035315,35.2698145995487,35.0543779129029,34.8195636842817
Pakistan,PAK,"Population ages 0-14, female",SP.POP.0014.FE.IN,33641958,34031701,34453546,34948211,35473213,36012866,36536787,37023502
Pakistan,PAK,"Population ages 0-14, male",SP.POP.0014.MA.IN,36336810,36765168,37213852,37744490,38288954,38839614,39378827,39890248
Pakistan,PAK,"Population ages 0-14, total",SP.POP.0014.TO,69978774,70796910,71667396,72692791,73762256,74852524,75915625,76913746
Pakistan,PAK,"Population ages 05-09, female",SP.POP.0509.FE,11063971,11217655,11365782,11539926,11721039,11905385,12090574,12273189
Pakistan,PAK,"Population ages 05-09, male",SP.POP.0509.MA,11984476,12106861,12233848,12399395,12589066,12798180,13015882,13226191
Pakistan,PAK,"Population ages 10-14, female",SP.POP.1014.FE,10467283,10539001,10624889,10725630,10846871,10985702,11137248,11296757
Pakistan,PAK,"Population ages 10-14, male",SP.POP.1014.MA,11341592,11444996,11548911,11647875,11755295,11872295,12003845,12154761
Pakistan,PAK,"Population, total",SP.POP.TOTL,191260799,195305012,199426953,203631356,207906210,212228288,216565317,220892331
Pakistan,PAK,"Population, male",SP.POP.TOTL.MA.IN,98463549,100530360,102640691,104797415,106993868,109216763,111447581,113672007
Pakistan,PAK,"Population, female",SP.POP.TOTL.FE.IN,92797250,94774652,96786262,98833941,100912342,103011525,105117736,107220324
Papua New Guinea,PNG,"Population ages 00-04, female",SP.POP.0004.FE,502646,505479,509134,512865,517620,523170,528931,534541
Papua New Guinea,PNG,"Population ages 00-04, male",SP.POP.0004.MA,537550,540793,544861,549190,554476,560502,566674,572643
Papua New Guinea,PNG,Population ages 0-14 (% of total population),SP.POP.0014.TO.ZS,37.4777938415948,37.1360295366773,36.7967784009793,36.4636337457485,36.1384213103618,35.8159344007888,35.4859653634657,35.1460105617242
Papua New Guinea,PNG,"Population ages 0-14, female",SP.POP.0014.FE.IN,1412047,1427292,1442699,1458180,1473967,1489794,1505104,1519679
Papua New Guinea,PNG,"Population ages 0-14, male",SP.POP.0014.MA.IN,1506865,1523807,1540700,1558008,1575407,1592642,1609185,1624843
Papua New Guinea,PNG,"Population ages 0-14, total",SP.POP.0014.TO,2918916,2951101,2983399,3016186,3049374,3082435,3114291,3144523
Papua New Guinea,PNG,"Population ages 05-09, female",SP.POP.0509.FE,472338,478227,483424,488616,493146,497037,500579,504208
Papua New Guinea,PNG,"Population ages 05-09, male",SP.POP.0509.MA,504148,510511,516073,521819,526833,531138,535032,538956
Papua New Guinea,PNG,"Population ages 10-14, female",SP.POP.1014.FE,437063,443586,450141,456699,463201,469587,475594,480930
Papua New Guinea,PNG,"Population ages 10-14, male",SP.POP.1014.MA,465167,472503,479766,486999,494098,501002,507479,513244
Papua New Guinea,PNG,"Population, total",SP.POP.TOTL,7788388,7946733,8107772,8271766,8438038,8606324,8776119,8947027
Papua New Guinea,PNG,"Population, male",SP.POP.TOTL.MA.IN,3968038,4050613,4134389,4219461,4305516,4392433,4480011,4568072
Papua New Guinea,PNG,"Population, female",SP.POP.TOTL.FE.IN,3820350,3896120,3973383,4052305,4132522,4213891,4296108,4378955
Philippines,PHL,"Population ages 00-04, female",SP.POP.0004.FE,5551306,5587043,5587878,5575422,5490042,5361075,5240508,5165709
Philippines,PHL,"Population ages 00-04, male",SP.POP.0004.MA,5824182,5879395,5889335,5904184,5819855,5674192,5534962,5450633
Philippines,PHL,Population ages 0-14 (% of total population),SP.POP.0014.TO.ZS,32.9738335763001,32.6489813640489,32.2819568147558,31.9216340637123,31.4680085202537,30.9630402017999,30.4758810660138,30.0426785361611
Philippines,PHL,"Population ages 0-14, female",SP.POP.0014.FE.IN,15832218,15944236,16027755,16092129,16104054,16081140,16055517,16046139
Philippines,PHL,"Population ages 0-14, male",SP.POP.0014.MA.IN,16769786,16872346,16936386,16998871,16991596,16941306,16893980,16874956
Philippines,PHL,"Population ages 0-14, total",SP.POP.0014.TO,32601743,32816515,32964141,33091183,33095824,33022514,32949493,32921093
Philippines,PHL,"Population ages 05-09, female",SP.POP.0509.FE,5231166,5290459,5345802,5393916,5448132,5501805,5541514,5551880
Philippines,PHL,"Population ages 05-09, male",SP.POP.0509.MA,5543719,5569387,5599496,5633362,5689199,5759005,5820604,5846072
Philippines,PHL,"Population ages 10-14, female",SP.POP.1014.FE,5049746,5066734,5094075,5122791,5165880,5218260,5273495,5328550
Philippines,PHL,"Population ages 10-14, male",SP.POP.1014.MA,5401885,5423564,5447555,5461325,5482542,5508109,5538414,5578251
Philippines,PHL,"Population, total",SP.POP.TOTL,98871558,100513137,102113206,103663812,105172921,106651394,108116622,109581085
Philippines,PHL,"Population, male",SP.POP.TOTL.MA.IN,49820011,50613448,51388760,52143341,52879298,53601223,54316072,55028825
Philippines,PHL,"Population, female",SP.POP.TOTL.FE.IN,49051547,49899689,50724446,51520471,52293623,53050171,53800550,54552260
Russian Federation,RUS,"Population ages 00-04, female",SP.POP.0004.FE,4282560,4412738,4501710,4579788,4602696,4576591,4524512,4452313
Russian Federation,RUS,"Population ages 00-04, male",SP.POP.0004.MA,4512297,4656531,4756210,4843381,4868384,4838806,4781058,4703088
Russian Federation,RUS,Population ages 0-14 (% of total population),SP.POP.0014.TO.ZS,15.9991741996936,16.4598134801807,16.8768178640644,17.2909033046569,17.6339713736985,17.9140805801319,18.1549245389062,18.3622618213373
Russian Federation,RUS,"Population ages 0-14, female",SP.POP.0014.FE.IN,11196512,11540108,11851149,12160532,12413019,12606337,12766750,12882079
Russian Federation,RUS,"Population ages 0-14, male",SP.POP.0014.MA.IN,11762969,12131978,12467817,12797139,13066928,13275072,13449829,13578691
Russian Federation,RUS,"Population ages 0-14, total",SP.POP.0014.TO,22959934,23672449,24318966,24958104,25480514,25881880,26216848,26460768
Russian Federation,RUS,"Population ages 05-09, female",SP.POP.0509.FE,3720948,3826777,3940439,4064819,4189556,4308059,4414588,4491628
Russian Federation,RUS,"Population ages 05-09, male",SP.POP.0509.MA,3903042,4014832,4136860,4269302,4404890,4536063,4655200,4742004
Russian Federation,RUS,"Population ages 10-14, female",SP.POP.1014.FE,3193003,3300594,3409000,3515925,3620766,3721686,3827651,3938138
Russian Federation,RUS,"Population ages 10-14, male",SP.POP.1014.MA,3347631,3460614,3574747,3684456,3793654,3900203,4013572,4133599
Russian Federation,RUS,"Population, total",SP.POP.TOTL,143506995,143819667,144096870,144342397,144496739,144477859,144406261,144104080
Russian Federation,RUS,"Population, male",SP.POP.TOTL.MA.IN,66498022,66634909,66759858,66874340,66950259,66948494,66923538,66791922
Russian Federation,RUS,"Population, female",SP.POP.TOTL.FE.IN,77008973,77184758,77337012,77468057,77546480,77529365,77482723,77312158
Sierra Leone,SLE,"Population ages 00-04, female",SP.POP.0004.FE,544126,546851,550755,554251,559421,565799,572175,577747
Sierra Leone,SLE,"Population ages 00-04, male",SP.POP.0004.MA,543965,547377,551880,556262,561963,568602,575136,580904
Sierra Leone,SLE,Population ages 0-14 (% of total population),SP.POP.0014.TO.ZS,42.4688092813777,42.2000220032412,41.9139298100897,41.6367733257432,41.3565579829024,41.0596393534767,40.7243113110288,40.3436236481888
Sierra Leone,SLE,"Population ages 0-14, female",SP.POP.0014.FE.IN,1458406,1480870,1502730,1524644,1546709,1568247,1588140,1605850
Sierra Leone,SLE,"Population ages 0-14, male",SP.POP.0014.MA.IN,1456642,1480369,1503302,1526845,1550243,1572874,1593739,1612354
Sierra Leone,SLE,"Population ages 0-14, total",SP.POP.0014.TO,2915048,2961240,3006029,3051495,3096956,3141124,3181875,3218205
Sierra Leone,SLE,"Population ages 05-09, female",SP.POP.0509.FE,488410,497962,505763,513994,520533,525353,529093,532748
Sierra Leone,SLE,"Population ages 05-09, male",SP.POP.0509.MA,487573,497085,504894,513545,520637,526086,530418,534486
Sierra Leone,SLE,"Population ages 10-14, female",SP.POP.1014.FE,425870,436057,446212,456399,466755,477095,486872,495355
Sierra Leone,SLE,"Population ages 10-14, male",SP.POP.1014.MA,425104,435907,446528,457038,467643,478186,488185,496964
Sierra Leone,SLE,"Population, total",SP.POP.TOTL,6863975,7017153,7171909,7328846,7488427,7650149,7813207,7976985
Sierra Leone,SLE,"Population, male",SP.POP.TOTL.MA.IN,3418471,3495714,3573849,3653177,3733925,3815797,3898350,3981239
Sierra Leone,SLE,"Population, female",SP.POP.TOTL.FE.IN,3445504,3521439,3598060,3675669,3754502,3834352,3914857,3995746
South Africa,ZAF,"Population ages 00-04, female",SP.POP.0004.FE,2860519,2870776,2879550,2871083,2865208,2861416,2856070,2845952
South Africa,ZAF,"Population ages 00-04, male",SP.POP.0004.MA,2933594,2944308,2952717,2944292,2938581,2934947,2929541,2918993
South Africa,ZAF,Population ages 0-14 (% of total population),SP.POP.0014.TO.ZS,29.4312168462153,29.3520357971792,29.291128627375,29.2133600471367,29.1502598257042,29.0794891477129,28.9683250546848,28.8011250965078
South Africa,ZAF,"Population ages 0-14, female",SP.POP.0014.FE.IN,7817432,7919851,8025539,8120885,8217473,8309103,8386465,8444602
South Africa,ZAF,"Population ages 0-14, male",SP.POP.0014.MA.IN,7983419,8090040,8197753,8299326,8401104,8496727,8576913,8636966
South Africa,ZAF,"Population ages 0-14, total",SP.POP.0014.TO,15800774,16009828,16223293,16420143,16618491,16805770,16963349,17081570
South Africa,ZAF,"Population ages 05-09, female",SP.POP.0509.FE,2578895,2654162,2720924,2777272,2820029,2848034,2864891,2877308
South Africa,ZAF,"Population ages 05-09, male",SP.POP.0509.MA,2633393,2711925,2781000,2841083,2885915,2914492,2931113,2943352
South Africa,ZAF,"Population ages 10-14, female",SP.POP.1014.FE,2378018,2394913,2425065,2472530,2532236,2599653,2665504,2721342
South Africa,ZAF,"Population ages 10-14, male",SP.POP.1014.MA,2416432,2433807,2464036,2513951,2576608,2647288,2716259,2774621
South Africa,ZAF,"Population, total",SP.POP.TOTL,53687125,54544184,55386369,56207649,57009751,57792520,58558267,59308690
South Africa,ZAF,"Population, male",SP.POP.TOTL.MA.IN,26500317,26924050,27337004,27735713,28121437,28495093,28859302,29216012
South Africa,ZAF,"Population, female",SP.POP.TOTL.FE.IN,27186808,27620134,28049365,28471936,28888314,29297427,29698965,30092678
Thailand,THA,"Population ages 00-04, female",SP.POP.0004.FE,1917525,1891026,1867260,1838785,1814858,1793650,1771302,1745635
Thailand,THA,"Population ages 00-04, male",SP.POP.0004.MA,2036372,2004678,1977669,1945307,1919766,1898692,1876615,1850417
Thailand,THA,Population ages 0-14 (% of total population),SP.POP.0014.TO.ZS,18.4916063240773,18.2284403632995,17.9742179930524,17.6456607144525,17.3538216619869,17.0869888171064,16.8235362111587,16.5524951884655
Thailand,THA,"Population ages 0-14, female",SP.POP.0014.FE.IN,6124434,6062274,5999993,5912230,5833823,5761135,5687471,5609314
Thailand,THA,"Population ages 0-14, male",SP.POP.0014.MA.IN,6476572,6413049,6350904,6258225,6176721,6102067,6025981,5944323
Thailand,THA,"Population ages 0-14, total",SP.POP.0014.TO,12601016,12475316,12350897,12170444,12010548,11863232,11713485,11553638
Thailand,THA,"Population ages 05-09, female",SP.POP.0509.FE,2017607,2010436,1998085,1974222,1948856,1921817,1894040,1867110
Thailand,THA,"Population ages 05-09, male",SP.POP.0509.MA,2134261,2130939,2120369,2095463,2067965,2037798,2006539,1976670
Thailand,THA,"Population ages 10-14, female",SP.POP.1014.FE,2189302,2160812,2134648,2099223,2070109,2045668,2022129,1996569
Thailand,THA,"Population ages 10-14, male",SP.POP.1014.MA,2305939,2277432,2252866,2217455,2188990,2165577,2142827,2117236
Thailand,THA,"Population, total",SP.POP.TOTL,68144519,68438748,68714519,68971313,69209817,69428454,69625581,69799978
Thailand,THA,"Population, male",SP.POP.TOTL.MA.IN,33327962,33448535,33559468,33660401,33751826,33833385,33904846,33966060
Thailand,THA,"Population, female",SP.POP.TOTL.FE.IN,34816557,34990213,35155051,35310912,35457991,35595069,35720735,35833918
Tanzania,TZA,"Population ages 00-04, female",SP.POP.0004.FE,4161003,4244058,4331835,4410502,4502514,4604196,4709417,4813932
Tanzania,TZA,"Population ages 00-04, male",SP.POP.0004.MA,4265612,4349557,4438725,4516524,4608928,4711911,4818734,4924670
Tanzania,TZA,Population ages 0-14 (% of total population),SP.POP.0014.TO.ZS,44.8479490669837,44.7851176050645,44.6821649545391,44.5075677818509,44.3164485313565,44.0982381505459,43.8438065738739,43.5544280499328
Tanzania,TZA,"Population ages 0-14, female",SP.POP.0014.FE.IN,10757585,11067699,11376089,11675611,11977215,12277316,12572337,12861425
Tanzania,TZA,"Population ages 0-14, male",SP.POP.0014.MA.IN,10986100,11307192,11627467,11935298,12246289,12555907,12859464,13155471
Tanzania,TZA,"Population ages 0-14, total",SP.POP.0014.TO,21743690,22374897,23003557,23610922,24223524,24833237,25431802,26016895
Tanzania,TZA,"Population ages 05-09, female",SP.POP.0509.FE,3608547,3717839,3821660,3925796,4019476,4103208,4181719,4262107
Tanzania,TZA,"Population ages 05-09, male",SP.POP.0509.MA,3686669,3801467,3910511,4018629,4115334,4200976,4280514,4361607
Tanzania,TZA,"Population ages 10-14, female",SP.POP.1014.FE,2988035,3105802,3222594,3339313,3455225,3569912,3681201,3785386
Tanzania,TZA,"Population ages 10-14, male",SP.POP.1014.MA,3033819,3156168,3278231,3400145,3522027,3643020,3760216,3869194
Tanzania,TZA,"Population, total",SP.POP.TOTL,48483132,49960563,51482638,53049231,54660345,56313444,58005461,59734213
Tanzania,TZA,"Population, male",SP.POP.TOTL.MA.IN,24192894,24932610,25696138,26483706,27294920,28127996,28980621,29851108
Tanzania,TZA,"Population, female",SP.POP.TOTL.FE.IN,24290238,25027953,25786500,26565525,27365425,28185448,29024840,29883105
Vietnam,VNM,"Population ages 00-04, female",SP.POP.0004.FE,3539299,3572946,3607068,3624203,3657631,3696744,3724360,3727629
Vietnam,VNM,"Population ages 00-04, male",SP.POP.0004.MA,3966295,3998927,4035703,4048570,4086242,4134160,4166596,4164842
Vietnam,VNM,Population ages 0-14 (% of total population),SP.POP.0014.TO.ZS,23.0453274546693,23.0214928938539,23.029828865123,23.0369679453175,23.0975510865422,23.1726768317012,23.213827614338,23.1940369706856
Vietnam,VNM,"Population ages 0-14, female",SP.POP.0014.FE.IN,9987378,10066740,10158412,10251355,10365809,10486071,10592532,10673109
Vietnam,VNM,"Population ages 0-14, male",SP.POP.0014.MA.IN,10926926,11047223,11184962,11320687,11484764,11654563,11800030,11903637
Vietnam,VNM,"Population ages 0-14, total",SP.POP.0014.TO,20914232,21113897,21343373,21571917,21850432,22140556,22392547,22576747
Vietnam,VNM,"Population ages 05-09, female",SP.POP.0509.FE,3282800,3337326,3392734,3446610,3490900,3524741,3552394,3581342
Vietnam,VNM,"Population ages 05-09, male",SP.POP.0509.MA,3586678,3675642,3760284,3839020,3900114,3942398,3973148,4004759
Vietnam,VNM,"Population ages 10-14, female",SP.POP.1014.FE,3165279,3156468,3158610,3180542,3217278,3264586,3315778,3364138
Vietnam,VNM,"Population ages 10-14, male",SP.POP.1014.MA,3373953,3372654,3388975,3433097,3498408,3578005,3660286,3734036
Vietnam,VNM,"Population, total",SP.POP.TOTL,90752593,91713850,92677082,93640435,94600643,95545959,96462108,97338583
Vietnam,VNM,"Population, male",SP.POP.TOTL.MA.IN,45202060,45699141,46197466,46696272,47193015,47680864,48151352,48598254
Vietnam,VNM,"Population, female",SP.POP.TOTL.FE.IN,45550533,46014709,46479616,46944163,47407628,47865095,48310756,48740329
Zambia,ZMB,"Population ages 00-04, female",SP.POP.0004.FE,1308936,1337141,1361994,1387018,1404900,1418861,1434803,1456965
Zambia,ZMB,"Population ages 00-04, male",SP.POP.0004.MA,1336734,1365576,1391028,1416739,1435341,1450053,1466700,1489489
Zambia,ZMB,Population ages 0-14 (% of total population),SP.POP.0014.TO.ZS,46.7624923759981,46.5091467492929,46.1845158630753,45.8383246377386,45.4113688120858,44.9361411568244,44.4625086011277,44.0173890765072
Zambia,ZMB,"Population ages 0-14, female",SP.POP.0014.FE.IN,3466593,3555249,3638861,3719934,3794211,3864303,3934937,4008980
Zambia,ZMB,"Population ages 0-14, male",SP.POP.0014.MA.IN,3513418,3607060,3694947,3780817,3859257,3932898,4006533,4083160
Zambia,ZMB,"Population ages 0-14, total",SP.POP.0014.TO,6980027,7162312,7333810,7500731,7653454,7797191,7941464,8092137
Zambia,ZMB,"Population ages 05-09, female",SP.POP.0509.FE,1160199,1185662,1211079,1237667,1265607,1294178,1321679,1346207
Zambia,ZMB,"Population ages 05-09, male",SP.POP.0509.MA,1176811,1204259,1231157,1259532,1288725,1318050,1345988,1370881
Zambia,ZMB,"Population ages 10-14, female",SP.POP.1014.FE,997458,1032446,1065788,1095249,1123704,1151264,1178455,1205808
Zambia,ZMB,"Population ages 10-14, male",SP.POP.1014.MA,999873,1037225,1072762,1104546,1135191,1164795,1193845,1222790
Zambia,ZMB,"Population, total",SP.POP.TOTL,14926551,15399793,15879370,16363449,16853608,17351714,17861034,18383956
Zambia,ZMB,"Population, male",SP.POP.TOTL.MA.IN,7379548,7617062,7857171,8098763,8342760,8590277,8843214,9103006
Zambia,ZMB,"Population, female",SP.POP.TOTL.FE.IN,7547003,7782731,8022199,8264686,8510848,8761437,9017820,9280950
Zimbabwe,ZWE,"Population ages 00-04, female",SP.POP.0004.FE,1090728,1112846,1123837,1134690,1121423,1092955,1063399,1042891
Zimbabwe,ZWE,"Population ages 00-04, male",SP.POP.0004.MA,1102124,1123336,1134951,1144558,1131192,1103422,1074621,1054557
Zimbabwe,ZWE,Population ages 0-14 (% of total population),SP.POP.0014.TO.ZS,42.2314043210628,42.4288534374076,42.5523479494093,42.665087516467,42.5978683807469,42.4010662380439,42.1581270055692,41.9111003998944
Zimbabwe,ZWE,"Population ages 0-14, female",SP.POP.0014.FE.IN,2814987,2877485,2932136,2986017,3024093,3051209,3075752,3102450
Zimbabwe,ZWE,"Population ages 0-14, male",SP.POP.0014.MA.IN,2822877,2887058,2946315,2999900,3040251,3070918,3098483,3126770
Zimbabwe,ZWE,"Population ages 0-14, total",SP.POP.0014.TO,5638052,5764685,5878455,5986056,6064488,6122210,6174257,6229216
Zimbabwe,ZWE,"Population ages 05-09, female",SP.POP.0509.FE,914075,942053,969031,995101,1024606,1055496,1082994,1101198
Zimbabwe,ZWE,"Population ages 05-09, male",SP.POP.0509.MA,915906,946219,975456,1001458,1031431,1063057,1091141,1109514
Zimbabwe,ZWE,"Population ages 10-14, female",SP.POP.1014.FE,810184,822586,839268,856226,878064,902758,929359,958361
Zimbabwe,ZWE,"Population ages 10-14, male",SP.POP.1014.MA,804847,817503,835908,853884,877628,904439,932721,962699
Zimbabwe,ZWE,"Population, total",SP.POP.TOTL,13350378,13586710,13814642,14030338,14236599,14438812,14645473,14862927
Zimbabwe,ZWE,"Population, male",SP.POP.TOTL.MA.IN,6349221,6459915,6568778,6674206,6777054,6879119,6983353,7092010
Zimbabwe,ZWE,"Population, female",SP.POP.TOTL.FE.IN,7001157,7126795,7245864,7356132,7459545,7559693,7662120,7770917
,,,,,,,,,,,
,,,,,,,,,,,
,,,,,,,,,,,
Data from database: Population estimates and projections,,,,,,,,,,,
Last Updated: 09/15/2021,,,,,,,,,,,
