"","iso3","year","country","g_whoregion","newrel_m04","newrel_m514","newrel_m014","newrel_m15plus","newrel_f04","newrel_f514","newrel_f014","newrel_f15plus","newrel_hivpos","newrel_mtot","newrel_ftot","newrel_TOT","tb_m04_100k","tb_f04_100k","tb_m514_100k","tb_f514_100k","tb_m_100k","tb_f_100k","tb_tot_100k","pop_f04","pop_m04","pop_f59","pop_m59","pop_f1014","pop_m1014","pop_m514","pop_f514","pop_f014","pop_m014","pop_tot014","pop_female","pop_male","pop_tot","perc_tb04","perc_tb014","perc_youngkids"
"1","AGO",2013,"Angola","AFR",83,403,486,11968,60,566,626,8581,NA,12454,9207,21661,3.34929291584195,2.44081034903588,11.0371890278838,15.3253468239708,96.8143086168699,70.0046418848562,83.2609862335122,2458200,2478135,2038401,2020158,1654827,1631134,3651292,3693228,6151428,6129427,12280862,13151985,12863801,26015786,0.660172660541988,5.13365033931951,12.8597122302158
"2","AGO",2014,"Angola","AFR",37,358,395,12488,29,485,514,8649,NA,12883,9163,22046,1.45204693486628,1.15200554233839,9.41544548601714,12.6215868691776,96.6938987748554,67.2845369295767,81.8283191681557,2517349,2548127,2120299,2104073,1722324,1698190,3802263,3842623,6359972,6350390,12710363,13618285,13323488,26941773,0.299374036106323,4.123196951828,7.26072607260726
"3","AGO",2015,"Angola","AFR",NA,NA,NA,NA,NA,NA,NA,NA,1558,NA,NA,NA,NA,NA,NA,NA,NA,NA,NA,2576574,2615784,2197120,2184296,1793267,1769002,3953298,3990387,6566961,6569082,13136045,14093136,13791244,27884380,NA,NA,NA
"4","AGO",2016,"Angola","AFR",50,522,572,14001,52,661,713,9317,2765,14573,10030,24603,1.8626455378091,1.97394094272383,12.7004178242822,15.9563361258933,102.149427797079,68.8111457865316,85.3012580540052,2634324,2684354,2274939,2267355,1867616,1842746,4110101,4142555,6776879,6794455,13571355,14576127,14266355,28842482,0.414583587367394,5.22294029183433,7.93774319066148
"5","AGO",2017,"Angola","AFR",NA,NA,NA,NA,NA,NA,NA,NA,3613,NA,NA,NA,NA,NA,NA,NA,NA,NA,NA,2691453,2745665,2347520,2348367,1945683,1921164,4269531,4293203,6984656,7015196,13999872,15067450,14749319,29816769,NA,NA,NA
"6","AGO",2018,"Angola","AFR",NA,NA,NA,NA,NA,NA,NA,NA,4327,NA,NA,NA,NA,NA,NA,NA,NA,NA,NA,2749392,2803154,2414156,2425921,2026202,2002899,4428820,4440358,7189750,7231974,14421730,15568328,15241459,30809787,NA,NA,NA
"7","AGO",2019,"Angola","AFR",1390,2733,4123,38142,1539,3156,4695,27145,4700,42265,31840,74105,48.5789096236567,54.7853138337011,59.6106137864758,68.8725223295585,268.43819147922,198.003547148973,232.849344164842,2809147,2861324,2476123,2499254,2106256,2085500,4584754,4582379,7391526,7446078,14837599,16080520,15744779,31825299,3.95249983132042,11.8993320288779,33.2161487865729
"8","AGO",2020,"Angola","AFR",1025,2190,3215,32553,1018,2407,3425,23645,5246,35768,27070,62838,35.0605469992618,35.4519778930103,46.2528926537946,51.0110444103382,219.963630482256,163.019278429821,191.192988507244,2871490,2923514,2535920,2568244,2182666,2166595,4734839,4718586,7590076,7658353,15248424,16605398,16260870,32866268,3.25121741621312,10.5668544511283,30.7680722891566
"9","BGD",2013,"Bangladesh","SEA",409,1914,2323,107940,266,2462,2728,68646,NA,110263,71374,181637,5.39700230170932,3.66079210457975,11.9030102426833,15.9569445082672,142.266392675191,94.8405839992265,118.902408947998,7266187,7578281,7621998,7937742,7807021,8142224,16079966,15429019,22695206,23658247,46353532,75256812,77504601,152761413,0.37162031964853,2.78082108821441,13.3636903583449
"10","BGD",2014,"Bangladesh","SEA",566,2327,2893,110196,362,3007,3369,70547,NA,113089,73916,187005,7.5039581390502,5.00816663194153,14.568011201655,19.626251426444,144.30466839747,97.0673808439003,121.025216677075,7228194,7542686,7523782,7839366,7797534,8133988,15973354,15321316,22549510,23516040,46065580,76149165,78368220,154517385,0.496243415951445,3.34857356755167,14.8195464707761
"11","BGD",2015,"Bangladesh","SEA",491,3176,3667,118612,408,3998,4406,80222,92,122279,84628,206907,6.54285436352419,5.67551889961704,20.0362001649201,26.2950752047043,154.359238113026,109.850669393593,132.41515203801,7188770,7504370,7430525,7744060,7773843,8107249,15851309,15204368,22393138,23355679,45748820,77039130,79217157,156256287,0.43449472468307,3.90175296147545,11.1358850489285
"12","BGD",2016,"Bangladesh","SEA",547,3538,4085,125646,355,4826,5181,87336,87,129731,92517,222248,7.29943273933032,4.94749522949967,22.5325030401047,32.0612259133895,162.064667713776,118.720760038713,140.683635951885,7175348,7493733,7348266,7662021,7704184,8039741,15701762,15052450,22227798,23195495,45423270,77928241,80048910,157977151,0.405852921061157,4.16921637090098,9.73451327433628
"13","BGD",2017,"Bangladesh","SEA",567,3958,4525,134651,390,5256,5646,97817,89,139176,103463,242639,7.5978494468042,5.45895537429957,25.4414391806905,35.2599657704625,172.100412978668,131.270981289885,151.948123053763,7144224,7462638,7285856,7598682,7620568,7958614,15557296,14906424,22050648,23019934,45070552,78816353,80869068,159685421,0.394413099295661,4.19182406785389,9.4091043161931
"14","BGD",2018,"Bangladesh","SEA",655,4646,5301,147490,437,5564,6001,108351,67,152791,114352,267143,8.83157935470683,6.15488970071462,30.1265952473124,37.6636080667001,187.067082693431,143.47876995512,165.539993369427,7100046,7416567,7240939,7552882,7531942,7868708,15421590,14772881,21872927,22838157,44711068,79699596,81677117,161376713,0.408769834882441,4.23069292476314,9.66200672447354
"15","BGD",2019,"Bangladesh","SEA",630,5138,5768,159498,437,6125,6562,119767,120,165266,126329,291595,8.55234114229955,6.19652308410454,33.5860567531147,41.793981939541,200.386083865115,156.789456714833,178.841977480821,7052342,7366404,7205409,7516539,7449811,7781476,15298015,14655220,21707562,22664419,44371981,80572382,82473791,163046173,0.365918482827209,4.22846756631629,8.6536901865369
"16","BGD",2020,"Bangladesh","SEA",424,3911,4335,123451,292,4736,5028,97264,84,127786,102292,230078,5.79219700901329,4.16667499050369,25.7567095372202,32.5513584281213,153.47990516545,125.619126301612,139.704209104967,7007986,7320193,7167474,7476957,7381842,7707436,15184393,14549316,21557302,22504586,44061889,81430275,83259108,164689383,0.311198810838064,4.06948947748155,7.64712164904411
"17","BRA",2013,"Brazil","AMR",520,759,1279,50540,403,819,1222,24365,NA,51819,25587,77406,6.93303382627204,5.61660183881691,4.61910827110672,5.18167070349816,52.3194718486681,25.0871454014062,38.5035699891697,7175157,7500324,7574160,7884126,8231553,8547617,16431743,15805713,22980870,23932067,46912941,101992473,99043431,201035904,1.1924140247526,3.23101568353874,36.9052379048381
"18","BRA",2014,"Brazil","AMR",470,706,1176,50072,354,703,1057,23641,NA,51248,24698,75946,6.27507945652471,4.9437529397175,4.36622402885221,4.52180293738377,51.3220310032816,24.0000796050903,37.4554141197945,7160552,7489945,7442460,7751412,8104436,8418166,16169578,15546896,22707448,23659523,46366981,102907992,99855752,202763744,1.08498143417692,2.94024701761778,36.9010300044783
"19","BRA",2015,"Brazil","AMR",483,618,1101,50669,311,685,996,22793,7865,51770,23789,75559,6.45713206278899,4.35126305553807,3.88227729109014,4.47761964771657,51.4318275050618,22.914967457789,36.9532694243609,7147350,7480101,7325957,7634283,7972350,8284209,15918492,15298307,22445657,23398593,45844250,103814243,100657516,204471759,1.05083444725314,2.77531465477309,37.863614687649
"20","BRA",2016,"Brazil","AMR",503,581,1084,51209,370,719,1089,22857,7614,52293,23946,76239,6.68885736098114,5.15282441625463,3.7037490354953,4.77087048480073,51.5454914072514,22.868250456792,36.9799524120364,7180528,7519969,7235264,7544149,7835361,8142659,15686808,15070625,22251153,23206777,45457971,104712864,101450192,206163056,1.145083225121,2.85024724878343,40.1748734468477
"21","BRA",2017,"Brazil","AMR",513,668,1181,53862,375,708,1083,22990,7869,55043,24073,79116,6.81928573764334,5.22166598715387,4.31263811497945,4.7604527405718,53.8412166637935,22.7960265464194,38.0669508440217,7181616,7522782,7177952,7490039,7694583,7999320,15489359,14872535,22054151,23012141,45066347,105601737,102232088,207833825,1.12240254815714,2.86162091106729,39.2226148409894
"22","BRA",2018,"Brazil","AMR",568,724,1292,57314,401,854,1255,24489,7857,58606,25744,84350,7.57654174621146,5.60257198571498,4.72360053710731,5.80685897478613,56.9011068452703,24.1788814207415,40.2684268989845,7157427,7496824,7152820,7470234,7553926,7857057,15327291,14706746,21864173,22824115,44688335,106473081,102996239,209469320,1.14878482513337,3.01956135151156,38.0447585394582
"23","BRA",2019,"Brazil","AMR",649,772,1421,57597,438,822,1260,24839,7701,59018,26099,85117,8.70650453697427,6.15362741584317,5.07997405791486,5.64138459343358,56.8940539360798,24.3196845692463,40.3303454105479,7117753,7454197,7146432,7469798,7424459,7727130,15196928,14570891,21688644,22651125,44339802,107316359,103733160,211049519,1.27706568605566,3.14978206468743,40.544572920552
"24","BRA",2020,"Brazil","AMR",506,554,1060,49967,281,603,884,21522,6606,51027,22406,73433,6.83354747816439,3.9742890371712,3.67173715452035,4.17126883979858,48.859690169604,20.7225754711556,34.5470475033171,7070447,7404646,7136977,7464840,7319056,7623386,15088226,14456033,21526480,22492872,44019351,108123626,104435783,212559409,1.07172524614274,2.64731115438563,40.4835390946502
"25","CAF",2013,"Central African Republic","AFR",NA,NA,54,2307,NA,NA,93,1742,NA,2361,1835,4196,NA,NA,NA,NA,107.14961599048,81.7559848945236,94.3356988451971,364677,370839,333931,337222,295542,296881,634103,629473,994150,1004942,1999096,2244484,2203461,4447945,NA,3.50333651096282,NA
"26","CAF",2014,"Central African Republic","AFR",NA,NA,99,2637,NA,NA,107,2042,NA,2736,2149,4885,NA,NA,NA,NA,123.694784926597,95.4146363121733,109.426811831357,362728,368711,336725,340245,301816,303141,643386,638541,1001269,1012097,2013367,2252275,2211896,4464171,NA,4.21699078812692,NA
"27","CAF",2015,"Central African Republic","AFR",NA,NA,107,2631,NA,NA,133,1948,1963,2738,2081,4819,NA,NA,NA,NA,122.969686490177,91.8112808313399,107.251649225013,362555,368440,338910,342559,308681,309984,652543,647591,1010146,1020983,2031129,2266606,2226565,4493171,NA,4.98028636646607,NA
"28","CAF",2016,"Central African Republic","AFR",302,416,718,5497,288,412,700,3703,2047,6215,4403,10618,82.2480404812872,79.6848023374209,63.1900013974712,63.0972800784122,276.365195149846,192.367598183714,233.996072444902,361424,367182,340475,344352,312485,313980,658332,652960,1014384,1025514,2039895,2288847,2248836,4537683,5.55660199660953,13.3546807308344,41.607898448519
"29","CAF",2017,"Central African Republic","AFR",404,418,822,4723,372,386,758,3516,2098,5545,4274,9819,110.275251394818,103.141661745257,62.8258716338184,58.5208476729625,243.428527277165,184.371396637055,213.641228514305,360669,366356,342434,346423,317160,318908,665331,659594,1020263,1031687,2051951,2318147,2277876,4596023,7.90304511661065,16.0912516549547,49.1139240506329
"30","CAF",2018,"Central African Republic","AFR",464,535,999,5246,380,482,862,3888,2274,6245,4750,10995,126.58089719667,105.301661549375,79.5229219248412,72.291614172756,270.016689582415,201.82234959455,235.621869223969,360868,366564,344337,348328,322407,324434,672762,666744,1027612,1039326,2066939,2353555,2312820,4666375,7.67621646202819,16.9258753979081,45.351961311123
"31","CAF",2019,"Central African Republic","AFR",406,495,901,5919,320,427,747,4492,2578,6820,5239,12059,110.232928150395,88.2646615877709,72.8242111813853,63.399301271401,289.969315123941,218.911368264997,254.131614423818,362546,368311,345812,349744,327697,329975,679719,673509,1036055,1048030,2084083,2393206,2351973,4745179,6.02039970146778,13.6661414711004,44.0533980582524
"32","CAF",2020,"Central African Republic","AFR",357,516,873,6263,282,474,756,4643,3087,7136,5399,12535,95.9509763079032,77.0119368502118,75.2711072729978,69.7880886161493,298.073300301331,221.65912201803,259.536490809903,366177,372065,346748,350619,332451,334903,685522,679199,1045376,1057587,2102963,2435722,2394042,4829764,5.09772636617471,12.9956122856003,39.2265193370166
"33","CHN",2013,"China","WPR",368,2161,2529,583598,196,2105,2301,258748,NA,586127,261049,847176,0.811280198610211,0.499906777588159,2.47415339760224,2.781558355317,84.0498412359304,39.5514682986222,62.4125889581399,39207310,45360407,37475737,43595951,38201266,43747057,87343008,75677003,114884313,132703414,247587326,660023537,697356463,1357380000,0.0665741239128587,0.57012946542395,11.6770186335404
"34","CHN",2014,"China","WPR",209,1945,2154,566364,96,1914,2010,248755,NA,568518,250765,819283,0.461046348437918,0.243862551140644,2.22830012881637,2.53786900999931,81.1268501476923,37.7946500017669,60.0528487762686,39366438,45331668,37718291,43949461,37699313,43336806,87286267,75417604,114784041,132617936,247401658,663493378,700776622,1364270000,0.0372276734657011,0.508249286266162,7.32468780019212
"35","CHN",2015,"China","WPR",163,1937,2100,550996,110,1988,2098,243245,10034,553096,245343,798439,0.360128491194405,0.278657568682821,2.21548677641481,2.63691186635409,78.5412577647651,36.7825497465946,58.2283659806596,39474973,45261623,37989368,44286313,37401851,43143683,87429996,75391219,114866193,132691619,247557811,667009225,704210775,1371220000,0.0341917165869904,0.525775920264416,6.50309671272034
"36","CHN",2016,"China","WPR",154,2187,2341,535618,93,2256,2349,238185,4612,537959,240534,778493,0.341267378847366,0.234872114406662,2.49166857576862,2.98446557885278,75.995350408331,35.8588026171043,56.4671620734551,39596016,45125907,38299548,44611644,37291875,43160864,87772508,75591423,115187439,132898415,248085474,670780903,707884097,1378665000,0.0317279667254555,0.602446007863911,5.26652452025586
"37","CHN",2017,"China","WPR",178,2327,2505,533295,83,2405,2488,234862,5308,535800,237350,773150,0.396563938337961,0.20990063885409,2.6365480051999,3.16466056574499,75.2858859273371,35.1781902725781,55.7669351086811,39542519,44885574,38650007,44906347,37345505,43352998,88259345,75995512,115538030,133144918,248682677,674707818,711687182,1386395000,0.0337580029748432,0.64579965077928,5.22731824554376
"38","CHN",2018,"China","WPR",216,3026,3242,541876,147,3032,3179,246948,7935,545118,250127,795245,0.485361039179556,0.373974736810827,3.41091931083739,3.96584315558582,76.2661190013951,36.8933981950839,57.0997250005385,39307468,44502954,38966616,45090038,37486231,43625048,88715086,76452847,115760315,133218041,248978380,677972245,714757755,1392730000,0.0456463102565876,0.807424127155782,5.65332502725432
"39","CHN",2019,"China","WPR",204,2997,3201,497696,161,3294,3455,223913,7725,500897,227368,728265,0.463936235148355,0.413561147815591,3.36496720627814,4.28406158326821,69.8485505205955,33.4071742159348,52.1039696933924,38930156,43971560,39213782,45153870,37675869,43910891,89064761,76889651,115819807,133036321,248856284,680596325,717118675,1397715000,0.0501191187273863,0.91395302534105,5.48377403846154
"40","CHN",2020,"China","WPR",228,3065,3293,423296,161,3560,3721,194405,6076,426589,198126,624715,0.526474096296823,0.418665686971623,3.43224849532858,4.6068069558437,59.3175977375891,29.010278304734,44.555285169801,38455504,43306974,39370163,45122599,37906789,44177462,89300061,77276952,115732456,132607035,248339489,682951049,719160951,1402112000,0.0622683943878409,1.12275197490055,5.54605075563159
"41","COD",2013,"Democratic Republic of the Congo","AFR",78,1302,1380,38718,90,1616,1706,29416,NA,40098,31122,71220,1.15717714646347,1.36058617680727,13.1039926617641,16.4716955419091,112.755460800001,86.9405135474059,99.8054844080627,6614796,6740541,5402879,5482956,4407890,4452947,9935903,9810769,16425565,16676444,33102007,35796890,35561914,71358804,0.235888795282224,4.33305251333895,5.44394037589112
"42","COD",2014,"Democratic Republic of the Congo","AFR",99,1483,1582,41153,85,1771,1856,30748,NA,42735,32604,75339,1.42831977223061,1.25009651480445,14.3801905166765,17.4032588609464,116.209932760854,88.1344496381525,102.130418099746,6799475,6931221,5597002,5682668,4579253,4630130,10312798,10176255,16975730,17244019,34219746,36993480,36773965,73767445,0.244229416371335,4.56337355154701,5.35194880744619
"43","COD",2015,"Democratic Republic of the Congo","AFR",104,1306,1410,42822,84,1568,1652,30748,7154,44232,32400,76632,1.46017909096551,1.20253236136269,12.220218060715,14.8767464403731,116.338891466482,84.7622309544761,100.508191197239,6985259,7122414,5784065,5874798,4755874,4812409,10687207,10539939,17525198,17809621,35334812,38224572,38019960,76244532,0.245328322371855,3.99571980373734,6.13977792292619
"44","COD",2016,"Democratic Republic of the Congo","AFR",2609,4777,7386,64101,2271,4556,6827,48684,8344,71487,55511,126998,35.6244929927346,31.6271346052798,43.0939255426817,41.6971623689882,181.903804346042,140.57052270249,161.187209453893,7180543,7323613,5990706,6087794,4935697,4997295,11085089,10926403,18106946,18408702,36515648,39489787,39299343,78789130,3.84258019811336,11.1915148270052,34.3347639484979
"45","COD",2017,"Democratic Republic of the Congo","AFR",3003,5652,8655,75123,2604,5674,8278,57708,9688,83778,65986,149764,40.0249986305133,35.4026480201844,49.1769773438742,50.1113108753291,206.294501320016,161.778406243167,183.988049450136,7355382,7502811,6197646,6300871,5125147,5192312,11493183,11322793,18678175,18995994,37674170,40787891,40610874,81398765,3.74389038754307,11.3064554899709,33.1128565522943
"46","COD",2018,"Democratic Republic of the Congo","AFR",2923,6371,9294,85290,2822,6337,9159,65908,9758,94584,75067,169651,38.1203473581347,37.5407034611677,53.5213944024401,54.0610633231899,225.45833767859,178.237755779442,201.801891733192,7517174,7667821,6399820,6508606,5322110,5395045,11903651,11721930,19239104,19571472,38810574,42116217,41951875,84068092,3.3863637703285,10.8770357970186,31.1331490814502
"47","COD",2019,"Democratic Republic of the Congo","AFR",NA,NA,NA,NA,NA,NA,NA,NA,12965,NA,NA,NA,NA,NA,NA,NA,NA,NA,NA,7674675,7828087,6592449,6705882,5522555,5601230,12307112,12115004,19789679,20135199,39924875,43471465,43319103,86790568,NA,NA,NA
"48","COD",2020,"Democratic Republic of the Congo","AFR",3327,8107,11434,101798,3003,7903,10906,76418,12041,113232,87324,200556,41.6296760655639,38.3253543085202,63.8636910771387,63.2586505584299,253.257804510347,194.696992938789,223.931281827605,7835544,7991895,6771480,6888387,5721673,5805837,12694224,12493153,20328697,20686119,41014814,44851232,44710172,89561404,3.15622569257464,11.1390334869064,28.3348254252462
"49","COG",2013,"Congo","AFR",3,32,35,2284,3,43,46,1538,NA,2319,1584,3903,0.785194374867498,0.800350019741967,5.34819239453615,7.27882116952036,100.647415913402,68.3149075721727,84.4301355230223,374836,382071,321685,326438,269070,271895,598333,590755,965591,980404,1945992,2318674,2304083,4622757,0.153727901614143,2.07532667179093,7.40740740740741
"50","COG",2014,"Congo","AFR",5,30,35,2308,10,58,68,1465,NA,2343,1533,3876,1.28880594706616,2.62786535869048,4.8539290938038,9.50933472366365,99.189675806821,64.5521520752696,81.8245437743365,380537,387956,332163,337230,277764,280826,618056,609927,990464,1006012,1996470,2374824,2362141,4736965,0.386996904024768,2.65737874097007,14.5631067961165
"51","COG",2015,"Congo","AFR",160,210,370,4388,148,265,413,3465,479,4758,3878,8636,40.6451399844024,38.3376981320734,32.9158248313848,42.1041258865699,196.40291244302,159.35750734943,177.838439255591,386043,393651,342100,347411,287292,290580,637991,629392,1015435,1031642,2047076,2433522,2422571,4856093,3.56646595646132,9.0666975451598,39.3358876117497
"52","COG",2016,"Congo","AFR",245,323,568,5294,229,296,525,4037,516,5862,4562,10424,61.4819406209927,58.6354081050009,49.0850128107324,45.6294396211523,235.819928835644,182.83096231526,209.275413993507,390549,398491,351496,357219,297208,300823,658042,648704,1039253,1056533,2095786,2495201,2485795,4980996,4.54719877206447,10.4854182655411,43.3668801463861
"53","COG",2017,"Congo","AFR",167,263,430,5126,162,285,447,4002,374,5556,4449,10005,41.4711068067248,41.0672412700425,38.7754048933676,42.6510070127235,217.769966558435,173.830822639032,195.765708070185,394475,402690,360327,366419,307887,311846,678265,668214,1062689,1080955,2143643,2559385,2551316,5110701,3.28835582208896,8.7656171914043,37.5142531356898
"54","COG",2018,"Congo","AFR",198,278,476,5530,148,296,444,4256,553,6006,4700,10706,48.6898016997167,37.1666926163845,39.8256838413734,43.0655075837486,229.346850261251,179.005203338485,204.143000780076,398206,406656,368346,374753,318979,323289,698042,687325,1085531,1104698,2190230,2625622,2618741,5244363,3.23183261722399,8.59331216140482,37.6086956521739
"55","COG",2019,"Congo","AFR",159,339,498,6269,145,325,470,4565,646,6767,5035,11802,38.705154358103,36.0559289623601,47.3036236808359,46.0787024237397,251.808653703749,186.956072934776,219.347481202504,402153,410798,375446,382123,329869,334524,716647,705315,1107468,1127445,2234913,2693146,2687358,5380504,2.57583460430436,8.20199966107439,31.404958677686
"56","COG",2020,"Congo","AFR",139,301,440,5902,149,308,457,4376,833,6342,4833,11175,33.4631736570193,36.6474247190569,41.0286887312866,42.6746473799429,230.059513661008,175.019030105591,202.51565214933,406577,415382,381733,388643,340007,344990,733633,721740,1128317,1149015,2277331,2761414,2756678,5518092,2.57718120805369,8.02684563758389,32.1070234113712
"57","ETH",2013,"Ethiopia","AFR",4024,6930,10954,54369,2627,7736,10363,44275,NA,65323,54638,119961,53.1433976327944,35.7141497639631,52.0059045087543,59.2811652948318,137.092860302138,114.456128725794,125.764011837696,7355628,7571966,6766583,6912423,6283093,6412987,13325410,13049676,20405304,20897376,41302714,47737068,47648725,95385793,5.54430189811689,17.7699418977834,31.2004503447952
"58","ETH",2014,"Ethiopia","AFR",2549,5930,8479,56799,1488,5950,7438,46876,NA,65278,54314,119592,33.0440349035235,19.8591654185733,43.9338340160488,45.0170103772153,133.161471982798,110.680961385011,121.915385388895,7492762,7713949,6833691,6988131,6383535,6509439,13497570,13217226,20709988,21211519,41921504,49072577,49021687,98094264,3.37564385577631,13.3094186902134,25.3628196268141
"59","ETH",2015,"Ethiopia","AFR",5562,5537,11099,64509,1824,5521,7345,51722,8625,75608,59067,134675,70.8090603515475,23.9104898229011,40.5218944838263,41.2636929353434,149.990312166841,117.133994293201,133.559175858515,7628451,7854927,6906519,7067725,6473282,6596493,13664218,13379801,21008252,21519145,42527396,50426864,50408589,100835453,5.48431408947466,13.6951921291999,40.0455432661028
"60","ETH",2016,"Ethiopia","AFR",3435,4979,8414,61198,1425,5261,6686,48956,7843,69612,55642,125254,42.7842095252971,18.2817209347258,35.9554579829169,38.8174325614437,134.370907135075,107.421957200955,120.897505537967,7794671,8028663,7000868,7170948,6552321,6676741,13847689,13553189,21347860,21876352,43224175,51797604,51805857,103603461,3.88011560509046,12.0555032174621,32.1854304635762
"61","ETH",2017,"Ethiopia","AFR",2168,4637,6805,58941,1284,4721,6005,44800,7272,65746,50805,116551,26.5325321520319,16.1881762014898,33.0100291544691,34.3575137648383,123.548510304244,95.5246930438413,109.54048971801,7931715,8171101,7115726,7293882,6625082,6753364,14047246,13740808,21672523,22218347,43890819,53185201,53214725,106399926,2.96179354960489,10.9908966890031,26.9476971116315
"62","ETH",2018,"Ethiopia","AFR",2086,4131,6217,56517,1233,4603,5836,44866,4816,62734,50702,113436,25.1590016338878,15.3208373452679,28.9643651366643,33.011721850676,114.823276043839,92.8792694430501,103.855905470215,8047863,8291267,7249130,7434163,6694402,6828190,14262353,13943532,21991395,22553620,44544971,54589146,54635264,109224410,2.92587890969357,10.6253746606016,27.5367128515722
"63","ETH",2019,"Ethiopia","AFR",1672,3838,5510,56092,1231,4283,5514,43923,5978,61602,49437,111039,19.8961094657288,15.0909977356148,26.4890387281065,30.2498433654211,109.8681824369,88.2650384302053,99.072324402828,8157181,8403653,7390840,7581468,6767911,6907544,14489012,14158751,22315932,22892665,45208570,56009719,56069008,112078727,2.61439674348652,9.92804330010177,26.3334542815675
"64","ETH",2020,"Ethiopia","AFR",1789,3808,5597,54956,1316,3926,5242,42398,5737,60553,47640,108193,20.9968984682006,15.9106719744153,25.8703016070906,27.3024118335858,105.278741432834,82.9289762407439,94.1106715506597,8271178,8520306,7525556,7720508,6854126,6999073,14719581,14379682,22650860,23239887,45890745,57446748,57516835,114963583,2.86987143345688,10.0182082020094,28.6465541101578
"65","IDN",2013,"Indonesia","SEA",6210,7206,13416,175558,5549,7089,12638,123970,NA,188974,136608,325582,50.7162175273288,47.5541737507303,30.0052640375793,31.2678111623572,148.968011789043,109.330226551937,129.299098111964,11668797,12244604,11292707,11970406,11379171,12045380,24015786,22671878,34340675,36260390,70600834,124949892,126855422,251805314,3.61168614972572,8.00228513861332,45.1331849236202
"66","IDN",2014,"Indonesia","SEA",5510,6579,12089,177044,4915,6166,11081,122592,NA,189133,133673,322806,44.409139223538,41.4551281343008,27.4597078143508,27.2573962431917,147.174488022721,105.57128480008,126.527038913585,11856193,12407356,11230784,11888329,11390599,12070411,23958740,22621383,34477576,36366096,70843582,126618711,128509365,255128076,3.22949387557852,7.17768566879178,44.9935261113509
"67","IDN",2015,"Indonesia","SEA",7079,7586,14665,178106,6439,7308,13747,122377,3523,192771,136124,328895,56.7259972464773,53.8897223285817,31.7253642363306,32.351332281251,148.134012165814,106.139227697626,127.289594464706,11948475,12479287,11207107,11843178,11382380,12068289,23911467,22589487,34537962,36390754,70928717,128250415,130132842,258383257,4.11012633211207,8.6386232688244,47.5784879628326
"68","IDN",2016,"Indonesia","SEA",8122,8859,16981,192516,7136,8485,15621,133490,4330,209497,149111,358608,64.1830162667042,58.7852476707499,37.1145733876904,37.6008620413072,159.046178136214,114.846074250774,137.105427049294,12139100,12654438,11235692,11851093,11330280,12018237,23869330,22565972,34705072,36523768,71228822,129835522,131720864,261556386,4.25478516932138,9.09126399857226,46.800809766272
"69","IDN",2017,"Indonesia","SEA",11848,16335,28183,226819,10355,14406,24761,158867,7729,255002,183628,438630,93.9177849988217,85.5584591908872,68.3640738693593,63.6917556005063,191.338387718555,139.770543180674,165.739049306107,12102836,12615289,11351428,11943969,11266884,11950160,23894129,22618312,34721148,36509418,71230548,131378183,133272786,264650969,5.06189727104849,12.0703098283291,41.9367633726201
"70","IDN",2018,"Indonesia","SEA",18176,17956,36132,288166,15610,16808,32418,208253,10346,324298,240671,564969,146.17807780814,130.998653676233,74.8786131193118,73.9160576038638,240.597682456538,181.116257897643,211.068794124228,11916153,12434149,11540625,12109137,11198683,11871008,23980145,22739308,34655461,36414294,71069736,132882052,134788497,267670549,5.98015112333597,12.1334090897023,49.2866520787746
"71","IDN",2019,"Indonesia","SEA",19085,17686,36771,284339,16750,16519,33269,203886,11645,321110,237155,558265,156.022335433224,143.07021681245,73.376751991308,72.1288669820822,235.642887786381,176.512654763874,206.286865719528,11707538,12232223,11746372,12291353,11155693,11811649,24103002,22902065,34609603,36335225,70944816,134355806,136269761,270625567,6.41899456351374,12.5460130941399,51.1636207881211
"72","IDN",2020,"Indonesia","SEA",9929,8201,18130,203415,8785,8546,17331,145149,7693,221545,162480,384025,82.1071426681274,75.9582761232487,33.8588326551245,37.0571843174308,160.868748898155,119.641464397386,140.399208885875,11565560,12092736,11886870,12411280,11174785,11809874,24221154,23061655,34627215,36313890,70941104,135805760,137717861,273523621,4.87312023956774,9.23403424256233,52.7734694453061
"73","IND",2013,"India","SEA",NA,NA,NA,NA,NA,NA,NA,NA,NA,NA,NA,NA,NA,NA,NA,NA,NA,NA,NA,58512576,64420191,60470810,67377416,59380542,66758895,134136311,119851352,178363928,198556502,376920173,614676458,666165661,1280842119,NA,NA,NA
"74","IND",2014,"India","SEA",9481,35285,44766,1010620,7364,43579,50943,503218,NA,1055386,554161,1609547,14.9890232794503,12.8239577443278,26.3202607556476,36.3094446865407,156.644080617885,89.1144694618004,124.231710859869,57423770,63252954,60431637,67108452,59589477,66951770,134060222,120021114,177444884,197313176,374758022,621852998,673747770,1295600768,1.04656776099114,5.9463314833304,17.6002256841049
"75","IND",2015,"India","SEA",9820,36547,46367,1046780,7628,45138,52766,521223,44652,1093147,573989,1667136,15.74586721895,13.4728097663105,27.3350523643478,37.6339326906884,160.468226593272,91.2645060477886,127.247487405267,56617737,62365571,60178746,66646489,59760885,67053639,133700128,119939631,176557368,196065699,372623066,628929060,681223332,1310152392,1.04658528158471,5.94630552036547,17.6005971775292
"76","IND",2016,"India","SEA",10390,38668,49058,1107520,8071,47757,55828,551470,39815,1156578,607298,1763876,16.949779093317,14.5158654038457,29.0147016851135,39.8641445446485,167.959646780621,95.5002362486743,133.171236539199,55601232,61298734,59819851,66103641,59979534,67166728,133270369,119799385,175400617,194569103,369969885,635912563,688604687,1324517250,1.04661552172602,5.94633636378067,17.6010144347196
"77","IND",2017,"India","SEA",15426,35409,50835,1020782,9985,40350,50335,527742,34718,1071617,578077,1649694,25.324499078995,18.0694053732385,26.7408548357036,33.832797092583,153.994395032083,89.9316064312428,123.233182638182,55259151,60913347,59122891,65243099,60140083,67172264,132415363,119262974,174522125,193328710,367850970,642796257,695880522,1338676779,1.540346270278,6.13265247979322,25.1171295838687
"78","IND",2018,"India","SEA",20734,42181,62915,1142605,13641,48283,61924,641240,48017,1205520,703164,1908684,33.9917141794893,24.6306886354859,32.1525991734005,40.7916112177835,171.468662548699,108.247905437806,141.107817195154,55382130,60997218,58133705,64117537,60231318,67072479,131190016,118365023,173747153,192187234,365934400,649586703,703055580,1352642283,1.8009791039271,6.54057979214998,27.5354656797956
"79","IND",2019,"India","SEA",24271,49421,73692,1272074,15444,56438,71882,744675,46744,1345766,816557,2162323,39.6683152882351,27.7784922451709,38.097400068483,48.1502963579161,189.509922282183,124.420493909121,158.247577690289,55596970,61184852,57039427,62910580,60172728,66812183,129722763,117212155,172809125,190907615,363716695,656288184,710129572,1366417756,1.83668212380852,6.73229670127913,27.2816574388284
"80","IND",2020,"India","SEA",13594,33003,46597,949552,8621,42321,50942,582210,30496,996149,633152,1629301,22.2021102816741,15.4911602544805,25.7474272642201,36.4967463039854,138.913352745848,95.5119532760289,118.064914699528,55651093,61228414,56104958,61877169,59853324,66302628,128179797,115958282,171609375,189408211,361017585,662903415,717100970,1380004385,1.36346813756329,5.98655497050576,22.7755051825424
"81","KEN",2013,"Kenya","AFR",665,1544,2209,41713,552,1622,2174,28239,NA,43922,30413,74335,18.7443379415278,15.8316340139215,24.9974055477726,26.6251082978742,194.278106796518,132.737208129699,163.301895567367,3486690,3547738,3227249,3282544,2864745,2894097,6176641,6091994,9578684,9724379,19303072,22912189,22607797,45519986,1.63718302280218,5.89628035245847,27.7663700661647
"82","KEN",2014,"Kenya","AFR",2112,2267,4379,49810,1802,2267,4069,31036,NA,54189,35105,89294,59.5742136175595,51.6406213954373,35.8713883350739,36.4004908205573,233.617784077829,149.354486971698,191.207450833632,3489501,3545158,3296125,3353858,2931813,2965942,6319800,6227938,9717439,9864958,19582398,23504483,23195580,46700063,4.38327323224405,9.4608820301476,46.3304924242424
"83","KEN",2015,"Kenya","AFR",1709,1835,3544,42643,1477,1738,3215,25339,26288,46187,28554,74741,48.2154771963927,42.3061158259531,28.4424643047073,27.3485874879425,194.20493352937,118.50232385572,156.106083797101,3491221,3544505,3353144,3411325,3001846,3040296,6451621,6354990,9846211,9996126,19842337,24095730,23782609,47878339,4.26272059512182,9.04322928513132,47.1371504660453
"84","KEN",2016,"Kenya","AFR",1725,1754,3479,44799,1510,1682,3192,24865,22911,48278,28057,76335,48.8665094439841,43.4026530230954,26.6635614917366,25.9739377323486,198.126575706057,113.663432759635,155.622053876361,3479050,3530025,3400924,3460249,3074798,3118017,6578266,6475722,9954772,10108291,20063033,24684280,24367251,49051531,4.23789873583546,8.73911049977075,48.493479238495
"85","KEN",2017,"Kenya","AFR",2066,1912,3978,49308,1837,1833,3670,26643,22992,53286,30313,83599,58.6295887018002,52.9427768414403,28.588807422085,27.8455645190693,213.569926776369,119.95170433276,166.461752983494,3469784,3523818,3433750,3491584,3148986,3196348,6687932,6582736,10052520,10211750,20264239,25271004,24950142,50221146,4.6687161329681,9.14843478988983,51.032949790795
"86","KEN",2018,"Kenya","AFR",2949,2296,5245,54719,2606,2117,4723,29847,24950,59964,34570,94534,83.6152643081624,75.1850848486475,33.8714607569032,31.7222800542381,234.840980260183,133.688102447239,183.944877635036,3466113,3526868,3451490,3505619,3222053,3272949,6778568,6673543,10139656,10305436,20445078,25858696,25533874,51392570,5.87619269257622,10.5443544121692,55.7283306581059
"87","KEN",2019,"Kenya","AFR",2595,1847,4442,50008,2195,1662,3857,26038,21676,54450,29895,84345,73.3348122755976,63.240355125566,26.9647633174105,24.6354085527557,208.441940708164,113.017802146828,160.431112227084,3470885,3538565,3458314,3508133,3288073,3341547,6849680,6746387,10217272,10388245,20605512,26451585,26122382,52573967,5.67905625703954,9.83935028750963,57.7177973249789
"88","KEN",2020,"Kenya","AFR",1582,1258,2840,44034,1558,1208,2766,22006,17675,46874,24772,71646,44.4588956151782,44.6927887124031,18.2224374407644,17.7589812225236,175.436318027562,91.5691711160257,133.242082672355,3486021,3558343,3461279,3508267,3340913,3395310,6903577,6802192,10288213,10461920,20750132,27052773,26718527,53771300,4.38265918543952,7.82458197247578,56.0114163396361
"89","KHM",2013,"Cambodia","WPR",3,29,32,7677,5,27,32,6342,NA,7709,6374,14083,0.332526771176136,0.584651722968628,1.86482105112889,1.78504489387908,105.216953837478,82.7839082836379,93.7221530473509,855210,902183,768887,794714,743680,760395,1555109,1512567,2367777,2457292,4825072,7699564,7326766,15026330,0.0568060782503728,0.454448626002982,12.5
"90","KHM",2014,"Cambodia","WPR",1943,4818,6761,16346,1175,4114,5289,14663,NA,23107,19952,43059,216.036754044991,136.689417214491,306.12283798363,269.555201157371,310.210665893031,254.954926059621,281.901097161506,859613,899384,788668,823577,737550,750301,1573878,1526218,2385831,2473262,4859074,7825697,7448809,15274506,7.24122715344063,27.9848579855547,25.8755186721992
"91","KHM",2015,"Cambodia","WPR",1067,2855,3922,14542,611,2352,2963,13742,740,18464,16705,35169,118.513154182615,70.6588737600004,178.802816504471,152.39645367232,243.895963260264,210.099517116979,226.583431235578,864718,900322,806471,848088,736872,748643,1596731,1543343,2408061,2497053,4905112,7950994,7570441,15521435,4.77124740538542,19.5769001108931,24.3718228031954
"92","KHM",2016,"Cambodia","WPR",878,2111,2989,15089,527,1679,2206,13171,721,18078,15377,33455,98.1191958249053,60.8057745871092,130.018588161965,107.362482982823,235.045065906361,190.427268164368,212.193229986255,866694,894830,821662,867195,742199,756419,1623614,1563861,2430555,2518444,4948930,8074999,7691291,15766290,4.19967120011956,15.5283216260649,27.0452358036574
"93","KHM",2017,"Cambodia","WPR",1158,2745,3903,14791,709,2145,2854,12673,748,18694,15527,34221,129.237609706883,81.5539653746479,166.029564754554,135.084498660176,239.317324735969,189.399229839082,213.755494970365,869363,896024,834476,880296,753419,773024,1653320,1587895,2457258,2549344,5006532,8198027,7811386,16009413,5.45571432745975,19.7451857046843,27.6306052982093
"94","KHM",2018,"Cambodia","WPR",968,2078,3046,12933,570,1725,2295,10346,580,15979,12641,28620,107.330876254596,65.3480874793064,123.484521649012,106.92648045136,201.494837222839,151.943003764499,176.125298811462,872252,901884,844341,886964,768917,795838,1682802,1613258,2485510,2584686,5070166,8319567,7930228,16249795,5.3738644304682,18.6617749825297,28.7961055982026
"95","KHM",2019,"Cambodia","WPR",NA,NA,1176,15597,NA,NA,673,12460,750,16773,13133,29906,NA,NA,NA,NA,208.428499071249,155.619421701971,181.396438379862,873484,906962,851915,889799,785562,819463,1709262,1637477,2510961,2616224,5127182,8439178,8047364,16486542,NA,6.18270581154283,NA
"96","KHM",2020,"Cambodia","WPR",1140,2699,3839,12702,707,2011,2718,9788,648,16541,12506,29047,125.649325957497,81.1068154963347,155.822322139413,121.199117916315,202.648134916785,146.157088835017,173.736768847796,871690,907287,858560,893050,800693,839051,1732101,1659253,2530943,2639388,5170334,8556547,8162424,16718971,6.35866010259235,22.5737597686508,28.1683696812567
"97","LBR",2013,"Liberia","AFR",1,56,57,2277,7,57,64,1437,NA,2334,1501,3835,0.28953783970027,2.11113624368544,9.70867053626535,10.2158593150714,109.601957996247,70.8415513780593,90.2706164788716,331575,345378,298491,309635,259465,267169,576804,557956,889531,922182,1811718,2118813,2129524,4248337,0.208604954367666,3.15514993481095,6.61157024793388
"98","LBR",2014,"Liberia","AFR",4,17,21,1126,0,25,25,531,NA,1147,556,1703,1.14372964518647,0,2.87504058880831,4.37472111152914,52.4662811515685,25.5827200689077,39.0640411716184,335587,349733,304178,315589,267287,275707,591296,571465,907052,941029,1848087,2173342,2186166,4359508,0.234879624192601,2.70111567821492,8.69565217391304
"99","LBR",2015,"Liberia","AFR",NA,NA,NA,NA,NA,NA,NA,NA,548,NA,NA,NA,NA,NA,NA,NA,NA,NA,NA,339489,353938,309390,321057,274749,283803,604860,584139,923628,958798,1882426,2228589,2243640,4472229,NA,NA,NA
"100","LBR",2016,"Liberia","AFR",187,216,403,4293,172,297,469,2015,829,4696,2484,7180,52.1343001876277,50.0213754133307,34.9350628345922,49.7832667880239,203.989169808387,108.723008003221,156.536556736435,343853,358689,314864,326959,281722,291331,618290,596586,940439,976979,1917424,2284705,2302083,4586788,5,12.1448467966574,41.1697247706422
"101","LBR",2017,"Liberia","AFR",5,46,51,1958,6,49,55,1168,827,2009,1223,3232,1.37633745592279,1.72296453277509,7.29245437063741,8.05772620833004,85.0902702304341,52.2381238355341,68.7334333711027,348237,363283,319829,332380,288283,298409,630789,608112,956349,994072,1950422,2341202,2361022,4702224,0.340346534653465,3.27970297029703,10.377358490566
"102","LBR",2018,"Liberia","AFR",336,289,625,3724,276,315,591,2858,1035,4349,3449,7798,91.3343789669973,78.2470395119199,44.9871265212342,50.905800029089,179.662190465882,143.808879708396,161.818610426779,352729,367879,324296,337308,294494,305098,642406,618790,971519,1010285,1981803,2398322,2420654,4818976,7.84816619646063,15.5937419851244,50.328947368421
"103","LBR",2019,"Liberia","AFR",433,316,749,3846,387,277,664,3022,922,4595,3686,8281,116.179544350803,108.26628470396,48.374998086432,44.0562265603379,185.198918551168,150.065668997312,167.720735759535,357452,372699,328388,341809,300354,311421,653230,628742,986194,1025929,2012124,2456258,2481116,4937374,9.90218572636155,17.0631566235962,58.0325548478415
"104","LBR",2020,"Liberia","AFR",360,254,614,3550,244,198,442,2349,765,4164,2791,6955,95.2504425176809,67.3025470152424,38.2916497067824,31.0309321974132,163.77329905264,110.968066165753,137.513724186025,362542,377951,332295,346028,305778,317302,663330,638073,1000615,1041281,2041896,2515138,2542539,5057677,8.6843997124371,15.1833213515457,57.1969696969697
"105","LSO",2013,"Lesotho","AFR",130,114,244,4755,98,131,229,3688,NA,4999,3917,8916,105.748659839099,80.7142386505897,50.9117217540428,58.411214953271,503.488868655778,378.214387788996,439.530536428386,121416,122933,113765,113396,110507,110521,223917,224272,345688,346850,692539,1035656,992872,2028528,2.55720053835801,5.30506953790938,48.2029598308668
"106","LSO",2014,"Lesotho","AFR",75,97,172,4803,87,109,196,3543,NA,4975,3739,8714,61.295542588143,71.8901320464724,43.4260950539021,48.6728825063409,496.285094089668,359.173871277618,426.436102117597,121018,122358,112293,111759,111651,111609,223368,223944,344962,345726,690688,1041000,1002448,2043448,1.85907734679826,4.22308928161579,44.0217391304348
"107","LSO",2015,"Lesotho","AFR",49,82,131,4469,33,80,113,2710,5258,4600,2823,7423,39.9977144163191,27.2025850699024,37.0447337748584,35.9397111345718,454.577346829669,269.606391858517,360.51288701226,121312,122507,110354,109429,112241,111925,221354,222595,343907,343861,687764,1047082,1011929,2059011,1.10467465984103,3.28708069513674,33.6065573770492
"108","LSO",2016,"Lesotho","AFR",71,82,153,4199,56,72,128,2538,4976,4352,2666,7018,56.7505135521825,45.365067278015,37.3001937790555,32.5722583884875,426.188249465061,252.966137076144,338.210184762614,123443,125109,109842,109107,111205,110731,219838,221047,344490,344947,689435,1053896,1021145,2075041,1.8096323738957,4.00398974066686,45.1957295373665
"109","LSO",2017,"Lesotho","AFR",84,105,189,4324,83,108,191,2413,4690,4513,2604,7117,66.4388762338648,66.594455810968,47.9912244618127,49.0984970404517,438.086436890508,245.343282738348,340.276887946252,124635,126432,110055,109521,109911,109269,218790,219966,344601,345222,689816,1061370,1030162,2091532,2.34649430940003,5.33932836869467,43.9473684210526
"110","LSO",2018,"Lesotho","AFR",51,73,124,4361,58,78,136,2406,4560,4485,2542,7027,40.1505251058872,46.2999920172428,33.4606058661484,35.5656071459512,431.644705880088,237.730506004987,333.29744389746,125270,127022,110854,110534,108459,107633,218167,219313,344583,345189,689768,1069278,1039049,2108327,1.55115981215312,3.70001423082396,41.9230769230769
"111","LSO",2019,"Lesotho","AFR",73,74,147,4373,63,74,137,2402,4187,4520,2539,7059,57.334495731329,50.1488545364813,33.9485358547003,33.7768446036926,431.320757597734,235.676765464025,332.146502063035,125626,127323,111875,111761,107210,106216,217977,219085,344711,345300,690009,1077323,1047944,2125267,1.92661850120414,4.02323275251452,47.887323943662
"112","LSO",2020,"Lesotho","AFR",44,51,95,2930,47,49,96,1444,2602,3025,1540,4565,34.4770844923641,37.3335875194611,23.3913837150104,22.3665651802791,286.200860967879,141.895988397699,213.093510940823,125892,127621,112600,112635,106477,105394,218029,219077,344969,345650,690620,1085302,1056950,2142252,1.9934282584885,4.18400876232202,47.6439790575916
"113","MMR",2013,"Myanmar","SEA",NA,NA,NA,NA,NA,NA,NA,NA,NA,NA,NA,NA,NA,NA,NA,NA,NA,NA,NA,2314039,2352128,2527730,2556399,2577690,2587583,5143982,5105420,7419459,7496110,14915700,26860456,24992008,51852464,NA,NA,NA
"114","MMR",2014,"Myanmar","SEA",8925,11870,20795,65260,6853,8653,15506,36727,NA,86055,52233,138288,383.382381936483,299.15195898043,232.239271797818,170.698758217331,341.503286713667,192.870251489028,264.510026010306,2290809,2327963,2478308,2507343,2590856,2603765,5111108,5069164,7359973,7439071,14799104,27081937,25198879,52280816,11.4095221566586,26.2502892514173,43.4643673727996
"115","MMR",2015,"Myanmar","SEA",7916,11792,19708,66193,6097,9125,15222,37282,7918,85901,52504,138405,343.309072709878,268.746583916639,232.941692868986,181.855685306957,338.305100151913,192.398831667402,262.724179720841,2268680,2305794,2428789,2457625,2588926,2604586,5062211,5017715,7286395,7368005,14654402,27289147,25391577,52680724,10.1246342256421,25.2375275459702,40.1173776123676
"116","MMR",2016,"Myanmar","SEA",7872,10002,17874,67911,5971,7788,13759,37977,10952,85785,51736,137521,343.487568210994,264.927048559162,200.065368288699,157.263946573875,335.538430542215,188.275860964667,259.252491446021,2253828,2291786,2386349,2415088,2565835,2584278,4999366,4952184,7206012,7291152,14497163,27478828,25566371,53045199,10.0660989957897,23.0023051024934,43.7612619732558
"117","MMR",2017,"Myanmar","SEA",7368,8747,16115,65783,5808,6800,12608,35908,10164,81898,48516,130414,322.617792931745,258.764719248299,177.57471150961,139.421887144953,318.327362249798,175.433534100517,244.300938878477,2244510,2283817,2345210,2373796,2532073,2552018,4925814,4877283,7121793,7209631,14331441,27654918,25727603,53382521,10.1032097780913,22.0244758998267,45.8726456150124
"118","MMR",2018,"Myanmar","SEA",6727,8084,14811,71961,5232,6219,11451,39740,10516,86772,51191,137963,295.11815693951,233.754048922149,166.771534962402,129.605999013419,335.244897378868,183.973850994514,256.874549674037,2238250,2279426,2306616,2335344,2491773,2512006,4847350,4798389,7036639,7126776,14163446,27825150,25883168,53708318,8.66826612932453,19.0355385139494,45.5372781966339
"119","MMR",2019,"Myanmar","SEA",6391,6990,13381,71566,4845,5477,10322,39208,9798,84947,49530,134477,280.670411866592,216.880899037353,146.480936941528,115.975037310209,326.158914842678,176.888081164666,248.822185161215,2233945,2277048,2271744,2301130,2450824,2470822,4771952,4722568,6956513,7049000,14005548,28000756,26044666,54045422,8.35533213858132,17.6260624493408,47.4032822849428
"120","MMR",2020,"Myanmar","SEA",3547,3996,7543,58384,2628,3073,5701,31724,8272,65927,37425,103352,155.803881260487,117.743201539802,84.9427858470354,66.0325990026993,251.436011714637,132.76170889098,189.951095936882,2231976,2276580,2241061,2271644,2412701,2432699,4704343,4653762,6885738,6980923,13866659,28189604,26220190,54409794,5.97472714606394,12.814459323477,46.6248867411658
"121","MOZ",2013,"Mozambique","AFR",NA,NA,NA,NA,NA,NA,NA,NA,NA,NA,NA,NA,NA,NA,NA,NA,NA,NA,NA,2209536,2226467,1956178,1953069,1674918,1656195,3609264,3631096,5840632,5835731,11676403,13204033,12356719,25560752,NA,NA,NA
"122","MOZ",2014,"Mozambique","AFR",NA,NA,NA,NA,NA,NA,NA,NA,NA,NA,NA,NA,NA,NA,NA,NA,NA,NA,NA,2257958,2276209,1997647,1996914,1734869,1717252,3714166,3732516,5990474,5990375,11980877,13569528,12716664,26286192,NA,NA,NA
"123","MOZ",2015,"Mozambique","AFR",NA,NA,NA,NA,NA,NA,NA,NA,29827,NA,NA,NA,NA,NA,NA,NA,NA,NA,NA,2307785,2327694,2039225,2040784,1791569,1775464,3816248,3830794,6138579,6143942,12282519,13949963,13092038,27042001,NA,NA,NA
"124","MOZ",2016,"Mozambique","AFR",2006,2904,4910,33255,1633,2743,4376,29301,30673,38165,33677,71842,84.2624182053869,69.2218413772815,74.1414186286442,69.8606276657764,283.04417439615,234.745596542185,258.146535043387,2359082,2380658,2084487,2088974,1841902,1827865,3916839,3926389,6285471,6297497,12582984,14346169,13483761,27829930,5.06528214693355,12.9255867041563,39.1880249838467
"125","MOZ",2017,"Mozambique","AFR",2091,3781,5872,39462,1750,3479,5229,34813,33514,45334,40042,85376,85.9596733614631,72.6272470870249,94.1200953498051,86.5183991484938,326.348239933841,271.329340979777,298.006838422009,2409564,2432536,2131201,2138639,1889909,1878569,4017208,4021110,6430674,6449744,12880439,14757711,13891296,28649007,4.4989224137931,13.0024831334333,34.6004864426628
"126","MOZ",2018,"Mozambique","AFR",2261,4227,6488,41477,1777,3997,5774,38642,32641,47965,44416,92381,91.0229840079743,72.2400304082964,102.668731214136,97.1297278447868,335.117693277986,292.535259699797,313.198304218038,2459855,2483988,2178875,2189089,1936240,1928036,4117125,4115115,6574970,6601113,13176103,15183127,14312882,29496009,4.37102867472749,13.273292127169,32.9310063611156
"127","MOZ",2019,"Mozambique","AFR",2202,4489,6691,44267,1976,4189,6165,38901,31864,50958,45066,96024,86.8174999162184,78.6788953419386,106.466089518794,99.5343105864921,345.575172297618,288.511178351713,316.221642707942,2511474,2536355,2226551,2239211,1982048,1977155,4216366,4208599,6720073,6752721,13472806,15620192,14745851,30366043,4.35099558443722,13.38831958677,32.4984443061605
"128","MOZ",2020,"Mozambique","AFR",1949,4236,6185,44963,1778,3803,5581,39474,26354,51148,45055,96203,75.2262770905301,69.296720137128,98.1868805082353,88.4178437112896,336.760657179718,280.416002788289,307.796068107835,2565778,2590850,2273226,2287928,2027942,2026294,4314222,4301168,6866946,6905072,13772016,16067200,15188235,31255435,3.87409956030477,12.2303878257435,31.6760156382798
"129","NAM",2013,"Namibia","AFR",360,243,603,4936,267,224,491,3402,NA,5539,3893,9432,229.232199482954,170.238269818094,94.9671327742127,87.0904029486322,512.670523805072,337.616047385926,422.295709078015,156839,157046,132688,132524,124516,123354,255878,257204,414043,412924,826967,1153085,1080421,2233506,6.64758269720102,11.598812553011,57.3126142595978
"130","NAM",2014,"Namibia","AFR",251,195,446,4724,222,209,431,3241,NA,5170,3672,8842,157.744566925175,139.721940750345,74.947536724293,79.9902021570564,469.979491803994,312.942632297521,388.928427844144,158887,159118,137459,137322,123823,122860,260182,261282,420169,419300,839469,1173378,1100048,2273426,5.34946844605293,9.91857045917213,53.9338654503991
"131","NAM",2015,"Namibia","AFR",243,188,431,5203,195,197,392,3553,3796,5634,3945,9579,150.529641330608,121.000018615387,70.8346049652044,73.9694960311798,502.833682895265,330.277257082961,413.797393495445,161157,161430,141924,141802,124402,123605,265407,266326,427483,426837,854319,1194451,1120450,2314901,4.57250234888819,8.59171103455476,53.2199270959903
"132","NAM",2016,"Namibia","AFR",258,178,436,4710,198,207,405,3306,3410,5146,3711,8857,157.930498338057,121.426205983,65.6557646130183,76.1253309796999,450.738866636127,305.089845712176,375.607919105835,163062,163363,145895,145776,126025,125335,271111,271920,434982,434474,869456,1216363,1141681,2358044,5.14847013661511,9.49531444055549,54.2211652794293
"133","NAM",2017,"Namibia","AFR",230,186,416,4658,189,207,396,3105,3139,5074,3501,8575,139.435347466823,114.844746916206,66.9199550988688,74.2782095722006,436.050383842932,282.567498200156,356.901602956436,164570,164951,149742,149615,128940,128329,277944,278682,443252,442895,886148,1238996,1163627,2402623,4.88629737609329,9.46938775510204,51.6009852216749
"134","NAM",2018,"Namibia","AFR",208,152,360,4430,175,178,353,2665,2768,4790,3018,7808,125.040578072211,105.509399380208,53.2626901863493,62.2190530120313,403.840787245039,239.108406110337,318.915165625128,165862,166346,153286,153144,132800,132234,285378,286086,451948,451724,903674,1262189,1186111,2448300,4.90522540983607,9.13165983606557,53.7166900420757
"135","NAM",2019,"Namibia","AFR",219,145,364,4406,183,186,369,2662,2401,4770,3031,7801,130.759539774186,109.635984567088,49.5274399095526,63.3819375108618,394.585982519096,235.75403177507,312.724992824282,166916,167483,156466,156312,136993,136455,292767,293459,460375,460250,920627,1285662,1208862,2494524,5.15318548903987,9.39623125240354,54.8431105047749
"136","NAM",2020,"Namibia","AFR",184,154,338,3684,174,132,306,2181,1989,4022,2487,6509,109.301952584338,103.733821398976,51.3883188344862,43.9491654652785,326.545060701495,189.958548249242,256.167460868443,167737,168341,159301,159147,141046,140532,299679,300347,468084,468020,936105,1309233,1231683,2540916,5.50007681671532,9.89399293286219,55.5900621118012
"137","NGA",2013,"Nigeria","AFR",1169,1839,3008,56513,902,1866,2768,38112,NA,59521,40880,100401,7.66933853562477,6.1947001112711,7.81635883573061,8.24993209059115,68.4649345221892,48.1908707417227,58.4522581876433,14560834,15242514,12302551,12825651,10315817,10701928,23527579,22618368,37179202,38770093,75949286,84829345,86936474,171765819,2.06272845887989,5.75293074770172,35.8552631578947
"138","NGA",2014,"Nigeria","AFR",988,1792,2780,52028,835,1848,2683,33863,NA,54808,36546,91354,6.33731406028697,5.60837804363654,7.39888364388413,7.94123656827712,61.3716803467092,41.9587178157053,51.7865342437621,14888440,15590201,12620847,13162201,10650088,11057669,24219870,23270935,38159375,39810071,77969441,87099897,89305034,176404931,1.99553385730236,5.9800337149988,33.369943254622
"139","NGA",2015,"Nigeria","AFR",829,1577,2406,53131,734,1633,2367,32680,14846,55537,35047,90584,5.20499486124482,4.82732449814569,6.33442621265099,6.83004970921053,60.5502164160264,39.1950558781456,50.0084317183789,15205110,15927009,12929047,13487302,10980003,11408402,24895704,23909050,39114160,40822713,79936872,89416890,91720564,181137454,1.72547028172746,5.26914245341341,32.7467001885607
"140","NGA",2016,"Nigeria","AFR",890,1795,2685,57163,731,1828,2559,34872,14794,59848,37431,97279,5.46408298628221,4.70319645573292,7.00955509748514,7.43663896138956,63.5454680416561,40.7839007635549,52.3117188424425,15542621,16288186,13276323,13856320,11304674,11751582,25607902,24580997,40123618,41896088,82019706,91778862,94181382,185960244,1.66634114248707,5.39068041406676,30.9115179252479
"141","NGA",2017,"Nigeria","AFR",1332,2326,3658,60115,1185,2407,3592,35022,13516,63773,38614,102387,8.02950420825592,7.48912560003064,8.83315503094699,9.52705060957688,65.9579187175413,40.9976692675317,53.6413570834262,15822942,16588820,13630126,14232196,11634776,12100411,26332607,25264902,41087844,42921427,84009267,94185842,96687405,190873247,2.45831990389405,7.080977077168,34.7172413793103
"142","NGA",2018,"Nigeria","AFR",1679,2487,4166,60238,1497,2508,4005,35512,12700,64404,39517,103921,9.96411080399811,9.31739819653262,9.19152329411777,9.66514436789146,64.8987046539397,40.8922230446474,53.0548396287147,16066717,16850475,13982214,14605781,11966700,12451758,27057539,25948914,42015631,43908014,85923643,96636957,99237728,195874685,3.05616766582308,7.86270339969785,38.8691714600416
"143","NGA",2019,"Nigeria","AFR",1839,2990,4829,66842,1687,2946,4633,40845,12052,71671,45478,117149,10.7513762083094,10.3467878988826,10.7678542457487,11.0673517855816,70.3816960100332,45.8763308768679,58.2936403663105,16304577,17104787,14319140,14962818,12299694,12805017,27767835,26618834,42923411,44872622,87796035,99131729,101831874,200963603,3.0098421668132,8.07689352875398,37.2648488691609
"144","NGA",2020,"Nigeria","AFR",1517,2907,4424,77890,1320,2605,3925,49417,9709,82314,53342,135656,8.72969626296492,7.97037484129444,10.2189980137108,9.55634599519219,78.7922714807557,52.4658465947903,65.8078353479965,16561329,17377466,14625985,15287661,12633388,13159355,28447016,27259373,43820702,45824482,89645181,101669950,104469637,206139587,2.09131921920151,6.15453794892965,33.9801173793269
"145","PAK",2013,"Pakistan","EMR",3502,8965,12467,126980,2792,12854,15646,127514,NA,139447,143160,282607,26.9162204584489,23.0539859615098,38.4333956327316,59.6992632198756,141.622967500389,154.2718130117,147.760022690274,12110704,13010742,11063971,11984476,10467283,11341592,23326068,21531254,33641958,36336810,69978774,92797250,98463549,191260799,2.22712105503402,9.94773660949658,22.3882189734287
"146","PAK",2014,"Pakistan","EMR",4229,7984,12213,141052,3771,11261,15032,140120,NA,153265,155152,308417,32.005604045799,30.7208649744258,33.8996623493426,51.758873238608,152.45643206689,163.7062196757,157.915558255105,12275045,13213311,11217655,12106861,10539001,11444996,23551857,21756656,34031701,36765168,70796910,94774652,100530360,195305012,2.59389073883735,8.83381914745296,29.3631859056708
"147","PAK",2015,"Pakistan","EMR",5578,10240,15818,145515,4544,14008,18552,143382,59,161333,161934,323267,41.5304994165404,36.4602870525461,43.0564006472083,63.6997388574455,157.182301120712,167.310935099446,162.09794871609,12462875,13431093,11365782,12233848,10624889,11548911,23782759,21990671,34453546,37213852,71667396,96786262,102640691,199426953,3.13115783547346,10.6320781273684,29.4501018329939
"148","PAK",2016,"Pakistan","EMR",8160,11746,19906,160044,6326,15526,21852,154588,71,179950,176440,356390,59.5741325612059,49.879145967465,48.8454614598663,69.7310231103144,171.712250726795,178.521667976389,175.017250290275,12682655,13697220,11539926,12399395,10725630,11647875,24047270,22265556,34948211,37744490,72692791,98833941,104797415,203631356,4.06464827857123,11.7169393080614,34.6903587336558
"149","PAK",2017,"Pakistan","EMR",9654,12111,21765,162517,7226,15382,22608,152038,121,184282,174646,358928,69.2311349639247,55.992486189592,49.7486871805754,68.1587262622015,172.236038798037,173.067036735705,172.639383883723,12905303,13944593,11721039,12589066,10846871,11755295,24344361,22567910,35473213,38288954,73762256,100912342,106993868,207906210,4.70289305933223,12.362646547497,38.0411511504744
"150","PAK",2018,"Pakistan","EMR",10997,12747,23744,162451,8278,15782,24060,149764,636,186195,173824,360019,77.6123376303952,63.085958085409,51.6690497446847,68.9438644831502,170.482071511312,168.742283933764,169.637612117005,13121779,14169139,11905385,12798180,10985702,11872295,24670475,22891087,36012866,38839614,74852524,103011525,109216763,212228288,5.35388410056136,13.2781880956283,40.320893649067
"151","PAK",2019,"Pakistan","EMR",10555,12271,22826,148072,7857,14764,22621,134450,624,170898,157071,327969,73.5073925246011,59.0353945629882,49.0452993352006,63.5617063020373,153.343839737535,149.423880286006,151.441146968145,13308965,14359100,12090574,13015882,11137248,12003845,25019727,23227822,36536787,39378827,75915625,105117736,111447581,216565317,5.61394522043242,13.8571023480878,40.5131251787797
"152","PAK",2020,"Pakistan","EMR",9502,9231,18733,123720,7124,11194,18318,112219,556,142453,130537,272990,65.4890492274746,52.9525428072697,36.3697941669012,47.4926841156106,125.319332137771,121.74650768636,123.58509630649,13453556,14509296,12273189,13226191,11296757,12154761,25380952,23569946,37023502,39890248,76913746,107220324,113672007,220892331,6.09033297923001,13.5722920253489,44.8732827723948
"153","PHL",2013,"Philippines","WPR",NA,NA,1207,66813,NA,NA,858,28343,NA,68020,29201,97221,NA,NA,NA,NA,136.531483302964,59.5312518889567,98.3306038324995,5551306,5824182,5231166,5543719,5049746,5401885,10945604,10280912,15832218,16769786,32601743,49051547,49820011,98871558,NA,2.12402670204997,NA
"154","PHL",2014,"Philippines","WPR",2967,3484,6451,32479,2606,3134,5740,14486,NA,38930,20226,59156,50.4643760114774,46.6436359985058,31.6930367469117,30.2591638487378,76.9163167860052,40.5333187547522,58.8539983584434,5587043,5879395,5290459,5569387,5066734,5423564,10992951,10357193,15944236,16872346,32816515,49899689,50613448,100513137,9.42085333693962,20.6082223274055,45.7140513493561
"155","PHL",2015,"Philippines","WPR",8854,9104,17958,154050,7339,7516,14855,78808,255,172008,93663,265671,150.339554465827,131.337871012932,82.4111339759362,71.9931853603256,334.719109781983,184.650612053999,260.173008376605,5587878,5889335,5345802,5599496,5094075,5447555,11047051,10439877,16027755,16936386,32964141,50724446,51388760,102113206,6.09513270172507,12.3509905108198,49.3493432481029
"156","PHL",2016,"Philippines","WPR",11463,14790,26253,188226,9738,12708,22446,96016,1009,214479,118462,332941,194.150453305656,174.659424882995,133.307050482812,120.836303607203,411.325772163314,229.931904155146,321.173795924078,5575422,5904184,5393916,5633362,5122791,5461325,11094687,10516707,16092129,16998871,33091183,51520471,52143341,103663812,6.36779489459093,14.6269158799907,43.5347748413725
"157","PHL",2017,"Philippines","WPR",9002,12129,21131,184405,7571,10533,18104,93626,1335,205536,111730,317266,154.677393165294,137.904227326494,108.568574942795,99.2367447860432,388.688972383862,213.65893887291,301.661299299655,5490042,5819855,5448132,5689199,5165880,5482542,11171741,10614012,16104054,16991596,33095824,52293623,52879298,105172921,5.22369242213159,12.3665945925501,42.2403466292851
"158","PHL",2018,"Philippines","WPR",10834,13903,24737,214771,8995,11670,20665,111467,1477,239508,132132,371640,190.934674046983,167.783513567708,123.394509010914,108.861280225446,446.833088118157,249.069885184724,348.462393281048,5361075,5674192,5501805,5759005,5218260,5508109,11267114,10720065,16081140,16941306,33022514,53050171,53601223,106651394,5.33553976966957,12.2166612851146,43.6742874763226
"159","PHL",2019,"Philippines","WPR",9824,13518,23342,240296,8175,11152,19327,126178,1615,263638,145505,409143,177.489926760111,155.996327073635,119.006766253914,103.115956722736,485.377514044094,270.452625484312,378.427472512043,5240508,5534962,5541514,5820604,5273495,5538414,11359018,10815009,16055517,16893980,32949493,53800550,54316072,108116622,4.39919539134239,10.4288720569581,42.1828493754248
"160","PHL",2020,"Philippines","WPR",4087,6176,10263,161117,3240,4946,8186,76964,898,171380,85150,256530,74.9821167559805,62.7213031163776,54.0600961649981,45.4577622391762,311.436778815466,156.088858646736,234.10062055874,5165709,5450633,5551880,5846072,5328550,5578251,11424323,10880430,16046139,16874956,32921093,54552260,55028825,109581085,2.85619615639496,7.19175145207188,39.7148896959185
"161","PNG",2013,"Papua New Guinea","WPR",NA,NA,NA,NA,NA,NA,NA,NA,NA,NA,NA,NA,NA,NA,NA,NA,NA,NA,NA,502646,537550,472338,504148,437063,465167,969315,909401,1412047,1506865,2918916,3820350,3968038,7788388,NA,NA,NA
"162","PNG",2014,"Papua New Guinea","WPR",NA,NA,NA,NA,NA,NA,NA,NA,NA,NA,NA,NA,NA,NA,NA,NA,NA,NA,NA,505479,540793,478227,510511,443586,472503,983014,921813,1427292,1523807,2951101,3896120,4050613,7946733,NA,NA,NA
"163","PNG",2015,"Papua New Guinea","WPR",13,64,77,2022,9,87,96,1897,758,2099,1993,4092,2.38592962241746,1.76770751904214,6.4267416720976,9.31911543384767,50.7692914237146,50.158768988542,50.4700921535534,509134,544861,483424,516073,450141,479766,995839,933565,1442699,1540700,2983399,3973383,4134389,8107772,0.537634408602151,4.227761485826,12.7167630057803
"164","PNG",2016,"Papua New Guinea","WPR",8,73,81,2247,3,77,80,2095,699,2328,2175,4503,1.4566907627597,0.584949255652072,7.23619126542151,8.14543300381354,55.1729237454737,53.6731563887713,54.4381937303352,512865,549190,488616,521819,456699,486999,1008818,945315,1458180,1558008,3016186,4052305,4219461,8271766,0.244281590051077,3.57539418165667,6.83229813664596
"165","PNG",2017,"Papua New Guinea","WPR",NA,NA,NA,NA,NA,NA,NA,NA,791,NA,NA,NA,NA,NA,NA,NA,NA,NA,NA,517620,554476,493146,526833,463201,494098,1020931,956347,1473967,1575407,3049374,4132522,4305516,8438038,NA,NA,NA
"166","PNG",2018,"Papua New Guinea","WPR",1434,1589,3023,9531,1202,1609,2811,8751,1124,12554,11562,24116,255.842084417183,229.75323508611,153.951983258085,166.455622868871,285.809709561876,274.378240917954,280.21255067785,523170,560502,497037,531138,469587,501002,1032140,966624,1489794,1592642,3082435,4213891,4392433,8606324,10.9305025709073,24.1914081937303,45.1834076105588
"167","PNG",2019,"Papua New Guinea","WPR",1705,1993,3698,11616,1269,1892,3161,11157,1323,15314,14318,29632,300.878459219939,239.917872085395,191.173042778446,193.818103963129,341.829517829309,333.27839989125,337.643552919007,528931,566674,500579,535032,475594,507479,1042511,976173,1505104,1609185,3114291,4296108,4480011,8776119,10.0364470842333,23.1472732181425,43.3590902463916
"168","PNG",2020,"Papua New Guinea","WPR",1463,1841,3304,11481,1150,1721,2871,10571,1249,14785,13442,28227,255.482036801288,215.137847237162,174.966736361908,174.696336959898,323.659522004031,306.968215019337,315.49027403181,534541,572643,504208,538956,480930,513244,1052200,985138,1519679,1624843,3144523,4378955,4568072,8947027,9.25709427144224,21.8762178056471,42.3157894736842
"169","PRK",2013,"Democratic People's Republic of Korea","SEA",394,2480,2874,52623,327,2038,2365,32729,NA,55497,35094,90591,46.3854109641455,40.3583127016373,130.980058286126,112.357010818359,455.391723288047,275.401521276757,363.388756292746,810242,849405,871743,908366,942118,985052,1893418,1813861,2624103,2742823,5366919,12742849,12186651,24929500,0.795884800918414,5.78313519002991,13.7621683527391
"170","PRK",2014,"Democratic People's Republic of Korea","SEA",437,2673,3110,55627,374,2147,2521,33374,NA,58737,35895,94632,50.8853112620722,45.6256137803993,143.732937426971,120.459823254525,479.439648941485,280.284815286099,377.654967458627,819715,858794,847115,883762,935222,975937,1859699,1782337,2602052,2718493,5320538,12806616,12251177,25057793,0.857003973285992,5.95041846309916,14.4024152015628
"171","PRK",2015,"Democratic People's Republic of Korea","SEA",598,2994,3592,60474,494,2453,2947,36780,0,64066,39727,103793,69.076329343925,59.7781432231068,163.983809748109,140.151406941865,520.259049475202,308.689124479723,412.141408821342,826389,865709,827092,863709,923158,962081,1825790,1750250,2576639,2691499,5268135,12869582,12314250,25183832,1.05209407185456,6.3000395017005,16.6998011928429
"172","PRK",2016,"Democratic People's Republic of Korea","SEA",669,2796,3465,61102,434,2186,2620,35648,0,64567,38268,102835,75.8196512296043,51.5252788479233,155.813151276403,127.097087406865,521.717910979008,295.92122377206,406.339344226344,842305,882357,814193,850949,905752,943508,1794457,1719945,2562250,2676814,5239059,12931820,12375845,25307665,1.07259201633685,5.91724607380756,18.126540673788
"173","PRK",2017,"Democratic People's Republic of Korea","SEA",519,2467,2986,59817,404,1821,2225,35525,NA,62803,37750,100553,58.2768904619033,47.5308656500081,139.587360073149,107.546695109549,504.998766510982,290.528807066399,395.413793005817,849974,890576,808747,845841,884471,921511,1767352,1693218,2543192,2657928,5201115,12993548,12436268,25429816,0.917923880938411,5.18234165067178,17.7125311840338
"174","PRK",2018,"Democratic People's Republic of Korea","SEA",438,2390,2828,54936,314,1611,1925,30250,0,57764,32175,89939,49.0798095972318,36.8823816151899,136.88226864892,96.3657952271714,462.284783560704,246.470927001861,352.017170049511,851355,892424,810680,848285,861075,897741,1746026,1671755,2523110,2638450,5161560,13054278,12495328,25549606,0.836122260643325,5.2846929585608,15.8215863665054
"175","PRK",2019,"Democratic People's Republic of Korea","SEA",444,2315,2759,59039,320,1547,1867,32057,0,61798,33924,95722,49.751076539342,37.6022899794597,133.708989171593,93.3792483181776,492.305996082774,258.697289397804,372.950248338688,851012,892443,816990,855199,839695,876173,1731372,1656685,2507697,2623815,5131507,13113396,12552762,25666158,0.798144627149454,4.83274482355153,16.5153480328578
"176","PRK",2020,"Democratic People's Republic of Korea","SEA",476,2230,2706,54238,363,1547,1910,30786,NA,56944,32696,89640,53.2498637989303,42.5959347284773,129.482008097561,93.927156970069,451.636169883535,248.252981146562,347.727387779462,852194,893899,822736,861542,824285,860705,1722247,1647021,2499215,2616146,5115366,13170436,12608379,25778815,0.935966086568496,5.14948683623382,18.1759098786828
"177","RUS",2013,"Russian Federation","EUR",535,1091,1626,60708,524,1148,1672,26421,NA,62334,28093,90427,11.8564890564606,12.235672121348,15.0468790966025,16.6041095749738,93.7381265265304,36.480164460835,63.012259437249,4282560,4512297,3720948,3903042,3193003,3347631,7250673,6913951,11196512,11762969,22959934,77008973,66498022,143506995,1.17111039844294,3.64714078759662,32.1103699211643
"178","RUS",2014,"Russian Federation","EUR",554,1006,1560,69153,546,1089,1635,29280,NA,70713,30915,101628,11.897268588999,12.3732702915967,13.4573910372706,15.2791260620501,106.120051878513,40.0532447092728,70.6634927752962,4412738,4656531,3826777,4014832,3300594,3460614,7475446,7127371,11540108,12131978,23672449,77184758,66634909,143819667,1.08237887196442,3.14381863266029,34.4287949921753
"179","RUS",2015,"Russian Federation","EUR",620,875,1495,67280,584,982,1566,28446,6407,68775,30012,98787,13.0355892611975,12.9728480955015,11.3465325709674,13.3615640595153,103.018493538437,38.806774691528,68.5559651642676,4501710,4756210,3940439,4136860,3409000,3574747,7711607,7349439,11851149,12467817,24318966,77337012,66759858,144096870,1.21878384807718,3.09858584631581,39.3335511270827
"180","RUS",2016,"Russian Federation","EUR",557,872,1429,62462,537,910,1447,26672,16570,63891,28119,92010,11.5002309337217,11.7254335790216,10.9633710253694,12.004098806133,95.5388868136867,36.2975413208053,63.7442649646451,4579788,4843381,4064819,4269302,3515925,3684456,7953758,7580744,12160532,12797139,24958104,77468057,66874340,144342397,1.18900119552223,3.12574720139115,38.038942976356
"181","RUS",2017,"Russian Federation","EUR",522,648,1170,57261,503,821,1324,24272,15695,58431,25596,84027,10.7222437671309,10.9283776291113,7.90384243836467,10.5117305022763,87.2752411607549,33.0073009116597,58.151485342517,4602696,4868384,4189556,4404890,3620766,3793654,8198544,7810322,12413019,13066928,25480514,77546480,66950259,144496739,1.21984600188035,2.96809358896545,41.0986367281476
"182","RUS",2018,"Russian Federation","EUR",428,603,1031,53180,455,683,1138,22591,14797,54211,23729,77940,8.84515725573623,9.94189780122366,7.14771203278797,8.50587409687356,80.974188904085,30.6064676268147,53.9459821314213,4576591,4838806,4308059,4536063,3721686,3900203,8436266,8029745,12606337,13275072,25881880,77529365,66948494,144477859,1.13292276109828,2.78290993071594,40.7100046104195
"183","RUS",2019,"Russian Federation","EUR",389,598,987,49853,366,675,1041,20874,16453,50840,21915,72755,8.13627443967423,8.08927017985586,6.89832423785053,8.18952228878585,75.9672927035029,28.2837246181965,50.382164524016,4524512,4781058,4414588,4655200,3827651,4013572,8668772,8242239,12766750,13449829,26216848,77482723,66923538,144406261,1.03772936567933,2.78743728953337,37.2287968441815
"184","RUS",2020,"Russian Federation","EUR",290,508,798,39917,285,544,829,16774,13506,40715,17603,58318,6.16616146667891,6.40116721353598,5.7235547827004,6.45332266637057,60.9579703365925,22.76873451133,40.4693607564755,4452313,4703088,4491628,4742004,3938138,4133599,8875603,8429766,12882079,13578691,26460768,77312158,66791922,144104080,0.985973455879831,2.78987619602867,35.3411186232329
"185","SLE",2013,"Sierra Leone","AFR",1,50,51,4558,2,50,52,2729,NA,4609,2781,7390,0.183835357054222,0.367561924995314,5.4783893973443,5.46878417990112,134.826359504,80.7138810461401,107.663562294443,544126,543965,488410,487573,425870,425104,912677,914280,1458406,1456642,2915048,3445504,3418471,6863975,0.040595399188092,1.39377537212449,2.9126213592233
"186","SLE",2014,"Sierra Leone","AFR",4,68,72,4635,3,60,63,2683,NA,4707,2746,7453,0.730757777546371,0.548595504076979,7.28837975030868,6.42385219144364,134.650603567683,77.9794850911801,106.211165696401,546851,547377,497962,497085,436057,435907,932992,934019,1480870,1480369,2961240,3521439,3495714,7017153,0.0939219106400107,1.81135113377164,5.18518518518519
"187","SLE",2015,"Sierra Leone","AFR",NA,NA,NA,NA,NA,NA,NA,NA,1573,NA,NA,NA,NA,NA,NA,NA,NA,NA,NA,550755,551880,505763,504894,446212,446528,951422,951975,1502730,1503302,3006029,3598060,3573849,7171909,NA,NA,NA
"188","SLE",2016,"Sierra Leone","AFR",674,331,1005,7195,563,274,837,4477,1914,8200,5314,13514,121.16592540925,101.578526696388,34.1032142537011,28.2359827410132,224.462159922719,144.572321392378,184.394650945046,554251,556262,513994,513545,456399,457038,970583,970393,1524644,1526845,3051495,3675669,3653177,7328846,9.1534704750629,13.6303093088649,67.1552660152009
"189","SLE",2017,"Sierra Leone","AFR",717,365,1082,8271,638,353,991,5241,1970,9353,6232,15585,127.588471127103,114.046487350314,36.9328530376007,35.7545113482591,250.487087983824,165.987393268135,208.121144801171,559421,561963,520533,520637,466755,467643,988280,987288,1546709,1550243,3096956,3754502,3733925,7488427,8.69425729868463,13.3012512030799,65.3642064640618
"190","SLE",2018,"Sierra Leone","AFR",733,469,1202,9104,712,451,1163,5674,2168,10306,6837,17143,128.912666504866,125.839741675047,46.7004954832954,44.9898648109428,270.087743137279,178.309138023843,224.087138694946,565799,568602,525353,526086,477095,478186,1004272,1002448,1568247,1572874,3141124,3834352,3815797,7650149,8.42909642419647,13.7957183690136,61.0993657505285
"191","SLE",2019,"Sierra Leone","AFR",752,459,1211,9344,673,466,1139,6095,2294,10555,7234,17789,130.751683080176,117.621357102285,45.0617168808653,45.8677218211257,270.755576077058,184.783250065073,227.678595997777,572175,575136,529093,530418,486872,488185,1018603,1015965,1588140,1593739,3181875,3914857,3898350,7813207,8.01056832874248,13.2104109281016,60.6382978723404
"192","SLE",2020,"Sierra Leone","AFR",469,339,808,8668,417,322,739,5489,2144,9476,6228,15704,80.7362318042224,72.1769217321769,32.8663531921082,31.3198191231812,238.016356214736,155.865763239205,196.866359909164,577747,580904,532748,534486,495355,496964,1031450,1028103,1605850,1612354,3218205,3995746,3981239,7976985,5.64187468160978,9.85099337748344,57.2721396250808
"193","THA",2013,"Thailand","SEA",NA,NA,NA,NA,NA,NA,NA,NA,NA,NA,NA,NA,NA,NA,NA,NA,NA,NA,NA,1917525,2036372,2017607,2134261,2189302,2305939,4440200,4206909,6124434,6476572,12601016,34816557,33327962,68144519,NA,NA,NA
"194","THA",2014,"Thailand","SEA",NA,NA,57,24613,NA,NA,62,9662,NA,24670,9724,34394,NA,NA,NA,NA,73.7550986911684,27.7906281965188,50.2551566256005,1891026,2004678,2010436,2130939,2160812,2277432,4408371,4171248,6062274,6413049,12475316,34990213,33448535,68438748,NA,0.345990579752282,NA
"195","THA",2015,"Thailand","SEA",NA,NA,45,22441,NA,NA,64,9110,7819,22486,9174,31660,NA,NA,NA,NA,67.0034459425876,26.0958233284884,46.0746876508006,1867260,1977669,1998085,2120369,2134648,2252866,4373235,4132733,5999993,6350904,12350897,35155051,33559468,68714519,NA,0.344283006948831,NA
"196","THA",2016,"Thailand","SEA",205,228,433,46870,155,223,378,22324,6794,47303,22702,70005,10.5381824051422,8.42947924852552,5.28644411973518,5.47448167337475,140.53011430256,64.2917407514142,101.498720199802,1838785,1945307,1974222,2095463,2099223,2217455,4312918,4073445,5912230,6258225,12170444,35310912,33660401,68971313,0.514248982215556,1.15848867938004,44.3896424167694
"197","THA",2017,"Thailand","SEA",180,213,393,50810,138,228,366,23493,7130,51203,23859,75062,9.37614271739368,7.60390069085295,5.00357650010395,5.67310240323068,151.704384823506,67.2880761913443,108.455712287175,1814858,1919766,1948856,2067965,2070109,2188990,4256955,4018965,5833823,6176721,12010548,35457991,33751826,69209817,0.42364978284618,1.01116410434041,41.897233201581
"198","THA",2018,"Thailand","SEA",193,223,416,56221,173,251,424,25858,6780,56637,26282,82919,10.1648924628112,9.64513701112257,5.30526065364142,6.32642593481765,167.399744364922,73.8360698219183,119.430860436558,1793650,1898692,1921817,2037798,2045668,2165577,4203375,3967485,5761135,6102067,11863232,35595069,33833385,69428454,0.441394614020912,1.01303681906439,43.5714285714286
"199","THA",2019,"Thailand","SEA",219,227,446,57942,154,274,428,27480,6798,58388,27908,86296,11.6699482845442,8.69416959953752,5.47071528517851,6.99663369992459,172.211370610561,78.1282915931041,123.942951370129,1771302,1876615,1894040,2006539,2022129,2142827,4149366,3916169,5687471,6025981,11713485,35720735,33904846,69625581,0.432233243719292,1.01279317697228,42.6773455377574
"200","THA",2020,"Thailand","SEA",218,241,459,56707,152,274,426,27124,6631,57166,27550,84716,11.7811282537936,8.70743311173298,5.88679857329406,7.09168644703662,168.303300412235,76.8824664944537,121.369665761213,1745635,1850417,1867110,1976670,1996569,2117236,4093906,3863679,5609314,5944323,11553638,35833918,33966060,69799978,0.436753387789792,1.04466688701072,41.8079096045198
"201","TZA",2013,"United Republic of Tanzania","AFR",NA,NA,3589,33357,NA,NA,3069,22937,NA,36946,26006,62952,NA,NA,NA,NA,152.714263948745,107.063586614507,129.843096770233,4161003,4265612,3608547,3686669,2988035,3033819,6720488,6596582,10757585,10986100,21743690,24290238,24192894,48483132,NA,10.5763121108146,NA
"202","TZA",2014,"United Republic of Tanzania","AFR",1641,1850,3491,33213,1491,1481,2972,21895,NA,36704,24867,61571,37.7279801138369,35.1314708705677,26.5894948499023,21.7039554103154,147.212826896181,99.3569070550836,123.239203689518,4244058,4349557,3717839,3801467,3105802,3156168,6957635,6823641,11067699,11307192,22374897,25027953,24932610,49960563,5.08681034902795,10.4968248038849,48.4604672752592
"203","TZA",2015,"United Republic of Tanzania","AFR",1395,1632,3027,34156,1239,1437,2676,21036,20117,37183,23712,60895,31.427943835223,28.602197452119,22.7021640225786,20.3996051249714,144.702678667121,91.9550927811064,118.282594609857,4331835,4438725,3821660,3910511,3222594,3278231,7188742,7044254,11376089,11627467,23003557,25786500,25696138,51482638,4.32547828228919,9.36530092782659,46.1862177801157
"204","TZA",2016,"United Republic of Tanzania","AFR",1665,1825,3490,36162,1409,1575,2984,21973,21720,39652,24957,64609,36.8646330673766,31.9464768409582,24.599751926666,21.6789589805191,149.722248087182,93.9450660207167,121.790643864376,4410502,4516524,3925796,4018629,3339313,3400145,7418774,7265109,11675611,11935298,23610922,26565525,26483706,53049231,4.75785107337987,10.0202758129672,47.4822366388631
"205","TZA",2017,"United Republic of Tanzania","AFR",2691,2039,4730,36216,2227,1862,4089,23238,21449,40946,27327,68273,58.3866790715759,49.4612565335721,26.697703565407,24.9106954244725,150.013262541161,99.859585590211,124.904078084396,4502514,4608928,4019476,4115334,3455225,3522027,7637361,7474701,11977215,12246289,24223524,27365425,27294920,54660345,7.20343327523326,12.9172586527617,55.7659598593945
"206","TZA",2018,"United Republic of Tanzania","AFR",3278,2412,5690,39642,2707,2115,4822,24538,20706,45332,29360,74692,69.568376822058,58.7941955555324,30.7496332226585,27.5637550305482,161.163276615938,104.16722842227,132.636178316496,4604196,4711911,4103208,4200976,3569912,3643020,7843996,7673120,12277316,12555907,24833237,28185448,28127996,56313444,8.01290633535051,14.0737963905104,56.9349315068493
"207","TZA",2019,"United Republic of Tanzania","AFR",3751,2746,6497,42576,3185,2558,5743,26392,19198,49073,32135,81208,77.8420224067151,67.6304519221806,34.1511280692176,32.5324434179669,169.330394955995,110.715511265523,140.000611321751,4709417,4818734,4181719,4280514,3681201,3760216,8040730,7862920,12572337,12859464,25431802,29024840,28980621,58005461,8.5410304403507,15.0724066594424,56.6666666666667
"208","TZA",2020,"United Republic of Tanzania","AFR",4081,3136,7217,43439,3713,2660,6373,27762,17764,50656,34135,84791,82.8684967723726,77.1302959825772,38.1007875175211,33.0537721499105,169.695543629402,114.228424388965,141.947128356743,4813932,4924670,4262107,4361607,3785386,3869194,8230801,8047493,12861425,13155471,26016895,29883105,29851108,59734213,9.1920133032987,16.0276444433961,57.3509933774834
"209","VNM",2013,"Viet Nam","WPR",19,46,65,37611,9,69,78,12853,NA,37676,12931,50607,0.479036481149284,0.254287642835488,0.660859626088497,1.07008614503637,83.3501835978272,28.3882517905992,55.7636959199612,3539299,3966295,3282800,3586678,3165279,3373953,6960631,6448079,9987378,10926926,20914232,45550533,45202060,90752593,0.055328314264825,0.282569604995356,19.5804195804196
"210","VNM",2014,"Viet Nam","WPR",11,57,68,37267,8,68,76,12518,NA,37335,12594,49929,0.275073788543777,0.223904867299982,0.808706104283929,1.0471536362256,81.6973780754435,27.369509171513,54.4399782584637,3572946,3998927,3337326,3675642,3156468,3372654,7048296,6493794,10066740,11047223,21113897,46014709,45699141,91713850,0.0380540367321597,0.288409541549,13.1944444444444
"211","VNM",2015,"Viet Nam","WPR",21,43,64,37836,11,49,60,12142,3428,37900,12202,50102,0.520355437454144,0.304956823658439,0.601460934622735,0.747938132999885,82.0391317567072,26.2523683500311,54.0608302708538,3607068,4035703,3392734,3760284,3158610,3388975,7149259,6551344,10158412,11184962,21343373,46479616,46197466,92677082,0.0638697058001677,0.24749510997565,25.8064516129032
"212","VNM",2016,"Viet Nam","WPR",404,596,1000,76979,268,423,691,23275,2669,77979,23966,101945,9.97883203205082,7.39472926875233,8.19568772064586,6.38283232374933,166.991917470414,51.052140390702,108.868567302149,3624203,4048570,3446610,3839020,3180542,3433097,7272117,6627152,10251355,11320687,21571917,46944163,46696272,93640435,0.65917896905194,1.65873755456374,39.7397989355411
"213","VNM",2017,"Viet Nam","WPR",366,600,966,73065,223,527,750,27817,3239,74031,28567,102598,8.95688507924885,6.09684246442574,8.10972786186214,7.85608253090482,156.868553534882,60.2582352358992,108.453808289654,3657631,4086242,3490900,3900114,3217278,3498408,7398522,6708178,10365809,11484764,21850432,47407628,47193015,94600643,0.574085264819977,1.67254722314275,34.3240093240093
"214","VNM",2018,"Viet Nam","WPR",379,475,854,71043,270,532,802,26859,2902,71897,27661,99558,9.16752133444279,7.30372457492323,6.31615087648893,7.83582820506362,150.787955520269,57.7895019324625,104.19906926676,3696744,4134160,3524741,3942398,3264586,3578005,7520403,6789327,10486071,11654563,22140556,47865095,47680864,95545959,0.651881315414131,1.66335201591032,39.1908212560386
"215","VNM",2019,"Viet Nam","WPR",421,516,937,72500,242,525,767,28216,2865,73437,28983,102420,10.1041713667464,6.49776068908484,6.75973618164512,7.64395533484019,152.512851560222,59.9928512813999,106.176406594805,3724360,4166596,3552394,3973148,3315778,3660286,7633434,6868172,10592532,11800030,22392547,48310756,48151352,96462108,0.647334504979496,1.66373755125952,38.9084507042254
"216","VNM",2020,"Viet Nam","WPR",284,468,752,70754,157,487,644,27651,2747,71506,28295,99801,6.81898617042375,4.21179253622075,6.04745312416209,7.0117544071828,147.136973274801,58.0525420745519,102.529744037881,3727629,4164842,3581342,4004759,3364138,3734036,7738795,6945480,10673109,11903637,22576747,48740329,48598254,97338583,0.441879339886374,1.39878357932285,31.5902578796562
"217","ZAF",2013,"South Africa","AFR",12299,6318,18617,154786,11212,6842,18054,120923,NA,173403,138977,312380,419.246835110789,391.956844195057,125.113246498641,138.029455025739,654.343115971028,511.192781440175,581.852725397383,2860519,2933594,2578895,2633393,2378018,2416432,5049825,4956913,7817432,7983419,15800774,27186808,26500317,53687125,7.52641014149433,11.7392278634996,64.1133320607565
"218","ZAF",2014,"South Africa","AFR",10874,5376,16250,157748,9919,5808,15727,116441,NA,173998,132168,306166,369.322774655369,345.516334259448,104.474931846431,115.030971019444,646.254928214737,478.520487988943,561.31740828683,2870776,2944308,2654162,2711925,2394913,2433807,5145732,5049075,7919851,8090040,16009828,27620134,26924050,54544184,6.79141380819555,10.4443341193993,65.0248616192889
"219","ZAF",2015,"South Africa","AFR",9625,5143,14768,150761,8673,5696,14369,107324,157505,165529,121693,287222,325.970961660057,301.192894723134,98.0546177376094,110.688149547152,605.512586529233,433.8529588816,518.578858274678,2879550,2952717,2720924,2781000,2425065,2464036,5245036,5145989,8025539,8197753,16223293,28049365,27337004,55386369,6.37068191155274,10.1444179067063,62.7998764457563
"220","ZAF",2016,"South Africa","AFR",6890,3543,10433,128842,6195,3918,10113,87642,135169,139275,97755,237030,234.012115646138,215.772236469653,66.1620449095188,74.63138609799,502.150422453535,343.338085615253,421.704170548033,2871083,2944292,2777272,2841083,2472530,2513951,5355034,5249802,8120885,8299326,16420143,28471936,27735713,56207649,5.5203982618234,8.66810108425094,63.6863623089653
"221","ZAF",2017,"South Africa","AFR",4851,2998,7849,122945,4403,3376,7779,81590,137719,130794,89369,220163,165.079676211069,153.671216888966,54.8830641079223,63.0760995578507,465.104254807462,309.360387040933,386.184812489358,2865208,2938581,2820029,2885915,2532236,2576608,5462523,5352265,8217473,8401104,16618491,28888314,28121437,57009751,4.20324941066392,7.09837711150375,59.2142308676734
"222","ZAF",2018,"South Africa","AFR",5616,3304,8920,126936,4973,3668,8641,83464,120862,135856,92105,227961,191.349281605426,173.795072090182,59.4054421426234,67.3313279562501,476.769807348935,314.379143260601,394.447239885023,2861416,2934947,2848034,2914492,2599653,2647288,5561780,5447687,8309103,8496727,16805770,29297427,28495093,57792520,4.64509280096157,7.70351068823176,60.2983884744605
"223","ZAF",2019,"South Africa","AFR",5080,3211,8291,112911,4776,3394,8170,80172,104010,121202,88342,209544,173.406004558393,167.222792158455,56.8583050664982,61.3699383136286,419.975507377136,297.4581774146,357.838458573236,2856070,2929541,2864891,2931113,2665504,2716259,5647372,5530395,8386465,8576913,16963349,29698965,28859302,58558267,4.70354674913145,7.85562936662467,59.8748557195796
"224","ZAF",2020,"South Africa","AFR",4409,2328,6737,106181,3998,2823,6821,71335,89767,112918,78156,191074,151.04524060181,140.480232976522,40.7137284488752,50.4228697989694,386.493543335073,259.717662881316,322.168640042463,2845952,2918993,2877308,2943352,2721342,2774621,5717973,5598650,8444602,8636966,17081570,30092678,29216012,59308690,4.39986602049468,7.09568020766823,62.0076707478979
"225","ZMB",2013,"Zambia","AFR",716,921,1637,22502,593,924,1517,14982,NA,24139,16499,40638,53.5633865825213,45.3039720811407,42.3120673464775,42.8242301718948,327.10675504787,218.616581973003,272.253114600955,1308936,1336734,1160199,1176811,997458,999873,2176684,2157657,3466593,3513418,6980027,7547003,7379548,14926551,3.22112308676608,7.76120872090162,41.5028535193405
"226","ZMB",2014,"Zambia","AFR",610,822,1432,20472,496,798,1294,13024,NA,21904,14318,36222,44.6697950169013,37.0940686135568,36.6721332831285,35.9766070903671,287.564943018712,183.971410549844,235.210953809574,1337141,1365576,1185662,1204259,1032446,1037225,2241484,2218108,3555249,3607060,7162312,7782731,7617062,15399793,3.05339296560102,7.5258130417978,40.5722670579604
"227","ZMB",2015,"Zambia","AFR",434,785,1219,21762,386,671,1057,12703,20967,22981,13760,36741,31.1999470894906,28.34080032658,34.0723784126091,29.4703204007964,292.484406919488,171.524042223335,231.375678002339,1361994,1391028,1211079,1231157,1065788,1072762,2303919,2276867,3638861,3694947,7333810,8022199,7857171,15879370,2.23183908984513,6.19471435181405,36.0281195079086
"228","ZMB",2016,"Zambia","AFR",429,777,1206,23197,327,636,963,12960,21655,24403,13923,38326,30.2808068388038,23.5757574883671,32.8669358625223,27.2620188639454,301.317620974956,168.463750467955,234.21712623054,1387018,1416739,1237667,1259532,1095249,1104546,2364078,2332916,3719934,3780817,7500731,8264686,8098763,16363449,1.97255127067787,5.6593435265877,34.8547717842324
"229","ZMB",2017,"Zambia","AFR",461,710,1171,22051,333,635,968,11820,20362,23222,12788,36010,32.1178033651934,23.7027546444587,29.2914440929471,26.5766993078758,278.34913146249,150.255297709464,213.663448206461,1404900,1435341,1265607,1288725,1123704,1135191,2423916,2389311,3794211,3859257,7653454,8510848,8342760,16853608,2.20494307136906,5.94001666203832,37.120149602618
"230","ZMB",2018,"Zambia","AFR",495,676,1171,21759,393,642,1035,11106,20202,22930,12141,35071,34.1366832798525,27.6982734742868,27.2268305109662,26.2529227845109,266.929692721201,138.573158718142,202.118361333065,1418861,1450053,1294178,1318050,1151264,1164795,2482845,2445442,3864303,3932898,7797191,8761437,8590277,17351714,2.53200650109777,6.29009723133073,40.2538531278332
"231","ZMB",2019,"Zambia","AFR",601,738,1339,22118,437,697,1134,11559,16424,23457,12693,36150,40.9763414467853,30.4571428969691,29.0570285526647,27.8785057120938,265.254239013101,140.754639147821,202.395897124433,1434803,1466700,1321679,1345988,1178455,1193845,2539833,2500134,3934937,4006533,7941464,9017820,8843214,17861034,2.87136929460581,6.84094052558783,41.9733117670845
"232","ZMB",2020,"Zambia","AFR",720,725,1445,24602,633,646,1279,12674,14925,26047,13953,40000,48.338725562928,43.4464794967621,27.9526586062766,25.3133308385727,286.136249937658,150.340213016986,217.581025542054,1456965,1489489,1346207,1370881,1205808,1222790,2593671,2552015,4008980,4083160,8092137,9280950,9103006,18383956,3.3825,6.81,49.6696035242291
"233","ZWE",2013,"Zimbabwe","AFR",627,688,1315,17099,579,673,1252,13233,NA,18414,14485,32899,56.8901502916187,53.0838119127775,39.982496035166,39.0312592249772,290.01983077924,206.89437474406,246.427479431669,1090728,1102124,914075,915906,810184,804847,1720753,1724259,2814987,2822877,5638052,7001157,6349221,13350378,3.66576491686677,7.80266877412687,46.980911569926
"234","ZWE",2014,"Zimbabwe","AFR",588,579,1167,15723,528,595,1123,11640,NA,16890,12763,29653,52.3440893908857,47.4459179437227,32.8283028731285,33.7179445767661,261.458548603194,179.08470778239,218.250039928724,1112846,1123336,942053,946219,822586,817503,1763722,1764639,2877485,2887058,5764685,7126795,6459915,13586710,3.76353151451792,7.72265875290864,48.7336244541485
"235","ZWE",2015,"Zimbabwe","AFR",432,525,957,14511,389,474,863,10659,18072,15468,11522,26990,38.0633172709659,34.6135605074401,28.983683014568,26.2124792415414,235.477588068892,159.014853163129,195.372417178817,1123837,1134951,969031,975456,839268,835908,1811364,1808299,2932136,2946315,5878455,7245864,6568778,13814642,3.04186735828084,6.74323823638385,45.1098901098901
"236","ZWE",2016,"Zimbabwe","AFR",391,403,794,15049,315,421,736,10039,16520,15843,10775,26618,34.1616589111255,27.7608862332443,21.7210627474611,22.7404450969494,237.376550858634,146.476436257533,189.71745370639,1134690,1144558,995101,1001458,856226,853884,1855342,1851327,2986017,2999900,5986056,7356132,6674206,14030338,2.65234052145165,5.74799008189947,46.1437908496732
"237","ZWE",2017,"Zimbabwe","AFR",290,429,719,14965,272,408,680,9484,16602,15684,10164,25848,25.6366735266869,24.2548975721026,22.471804171584,21.443550379204,231.427992162966,136.254959250196,181.560216734348,1121423,1131192,1024606,1031431,878064,877628,1909059,1902670,3024093,3040251,6064488,7459545,6777054,14236599,2.17424945837202,5.4124110182606,40.1715511079342
"238","ZWE",2018,"Zimbabwe","AFR",365,403,768,14554,316,433,749,9133,15062,15322,9882,25204,33.0789126916085,28.9124437877131,20.4828878940542,22.1115340502305,222.73200972392,130.719594036424,174.557297373219,1092955,1103422,1055496,1063057,902758,904439,1967496,1958254,3051209,3070918,6122210,7559693,6879119,14438812,2.70195207109983,6.01888589112839,44.8912326961107
"239","ZWE",2019,"Zimbabwe","AFR",308,340,648,12682,244,279,523,7155,12280,13330,7678,21008,28.6612675538632,22.9452914663264,16.7995643971773,13.8643667388376,190.882517323698,100.207253345027,143.443642960524,1063399,1074621,1082994,1091141,929359,932721,2023862,2012353,3075752,3098483,6174257,7662120,6983353,14645473,2.62757044935263,5.57406702208682,47.1391972672929
"240","ZWE",2020,"Zimbabwe","AFR",233,235,468,9622,220,224,444,5194,8397,10090,5638,15728,22.0945856885877,21.0952055392174,11.3405330436591,10.8761147410684,142.272783033301,72.5525700506131,105.82034077137,1042891,1054557,1101198,1109514,958361,962699,2072213,2059559,3102450,3126770,6229216,7770917,7092010,14862927,2.88021363173957,5.79857578840285,49.671052631579
